playerid,name,team,age,pa,hr,sb,avg,obp,slg,ops,bb,so,iso,bb_percent,k_percent,xwoba,xba,woba,ev,barrel_batted_rate,hard_hit_percent
596019,Francisco Lindor,,31,732,31,31,0.267,0.346,0.466,0.812,65,131,0.199,0.08879781420765027,0.17896174863387979,0.345,0.26,0.35,90.5,8.8,44.4
646240,Rafael Devers,,28,729,35,1,0.252,0.372,0.479,0.851,112,192,0.22699999999999998,0.15363511659807957,0.26337448559670784,0.367,0.244,0.365,93.5,16.0,56.1
660271,Shohei Ohtani,,30,727,55,20,0.282,0.392,0.622,1.014,109,187,0.34,0.1499312242090784,0.25722145804676755,0.425,0.274,0.418,94.9,23.5,58.7
621566,Matt Olson,,31,724,29,1,0.272,0.366,0.484,0.85,91,176,0.21199999999999997,0.12569060773480664,0.2430939226519337,0.36,0.249,0.366,93.3,14.3,53.3
656941,Kyle Schwarber,,32,724,56,10,0.24,0.365,0.563,0.928,108,197,0.32299999999999995,0.14917127071823205,0.27209944751381215,0.403,0.251,0.391,94.3,20.8,59.6
672695,Geraldo Perdomo,,25,720,20,27,0.29,0.389,0.462,0.851,94,83,0.17200000000000004,0.13055555555555556,0.11527777777777778,0.356,0.278,0.37,87.6,6.2,31.9
665742,Juan Soto,,26,715,43,38,0.263,0.396,0.525,0.921,127,137,0.262,0.17762237762237762,0.1916083916083916,0.429,0.288,0.39,93.8,18.1,55.3
677594,Julio Rodríguez,,24,710,32,30,0.267,0.324,0.474,0.798,44,152,0.20699999999999996,0.061971830985915494,0.2140845070422535,0.348,0.274,0.341,91.8,9.8,48.0
624413,Pete Alonso,,30,709,38,1,0.272,0.347,0.524,0.871,61,162,0.252,0.08603667136812412,0.22849083215796898,0.386,0.274,0.368,93.5,18.9,54.4
668227,Randy Arozarena,,30,709,27,31,0.238,0.334,0.426,0.76,64,191,0.188,0.09026798307475317,0.2693935119887165,0.327,0.227,0.332,91.3,11.5,50.6
663728,Cal Raleigh,,28,705,60,14,0.247,0.359,0.589,0.948,97,188,0.34199999999999997,0.1375886524822695,0.26666666666666666,0.371,0.231,0.392,91.3,19.5,49.6
682829,Elly De La Cruz,,23,699,22,37,0.264,0.336,0.44,0.776,67,181,0.176,0.09585121602288985,0.25894134477825465,0.322,0.251,0.333,91.0,10.2,44.2
667670,Brent Rooker,,30,699,30,6,0.262,0.335,0.479,0.814,65,155,0.21699999999999997,0.09298998569384835,0.2217453505007153,0.351,0.261,0.349,90.7,13.7,44.8
680776,Jarren Duran,,28,696,16,24,0.256,0.332,0.442,0.774,60,169,0.186,0.08620689655172414,0.24281609195402298,0.326,0.248,0.335,91.8,9.7,46.8
671218,Heliot Ramos,,25,695,21,6,0.256,0.328,0.4,0.728,52,158,0.14400000000000002,0.07482014388489208,0.2273381294964029,0.32,0.242,0.319,91.8,8.8,47.4
680757,Steven Kwan,,27,693,11,21,0.272,0.33,0.374,0.704,55,60,0.10199999999999998,0.07936507936507936,0.08658008658008658,0.31,0.273,0.31,86.2,1.9,19.3
665487,Fernando Tatis Jr.,,26,691,25,32,0.268,0.368,0.446,0.814,89,129,0.178,0.1287988422575977,0.18668596237337193,0.37,0.272,0.353,93.3,10.9,51.8
695578,James Wood,,22,689,31,15,0.256,0.35,0.475,0.825,85,221,0.21899999999999997,0.12336719883889695,0.32075471698113206,0.361,0.259,0.353,94.3,16.3,56.3
677951,Bobby Witt Jr.,,25,687,23,38,0.295,0.351,0.501,0.852,49,125,0.20600000000000002,0.07132459970887918,0.1819505094614265,0.365,0.285,0.36,93.3,12.5,48.5
642715,Willy Adames,,29,686,30,12,0.225,0.318,0.421,0.739,80,179,0.19599999999999998,0.11661807580174927,0.260932944606414,0.327,0.224,0.321,88.9,12.6,42.8
670770,TJ Friedl,,29,685,14,12,0.261,0.364,0.378,0.742,81,115,0.11699999999999999,0.11824817518248175,0.1678832116788321,0.303,0.231,0.333,87.1,2.7,32.1
686469,Vinnie Pasquantino,,27,682,32,1,0.264,0.323,0.475,0.798,49,107,0.21099999999999997,0.0718475073313783,0.15689149560117302,0.334,0.259,0.34,90.9,10.8,44.7
665489,Vladimir Guerrero Jr.,,26,680,23,6,0.292,0.381,0.467,0.848,81,94,0.17500000000000004,0.11911764705882352,0.13823529411764707,0.384,0.3,0.366,92.0,12.2,50.7
592450,Aaron Judge,,33,679,53,12,0.331,0.457,0.688,1.145,124,160,0.35699999999999993,0.18262150220913106,0.23564064801178203,0.46,0.3,0.463,95.4,24.7,58.2
592518,Manny Machado,,32,678,27,14,0.275,0.335,0.46,0.795,55,131,0.185,0.08112094395280237,0.19321533923303835,0.355,0.271,0.341,92.9,12.9,51.5
650333,Luis Arraez,,28,675,8,11,0.292,0.327,0.392,0.719,34,21,0.10000000000000003,0.05037037037037037,0.03111111111111111,0.303,0.287,0.313,86.1,1.1,16.7
608070,José Ramírez,,32,673,30,44,0.283,0.36,0.503,0.863,66,74,0.22000000000000003,0.09806835066864784,0.1099554234769688,0.342,0.284,0.359,88.9,7.0,37.0
645277,Ozzie Albies,,28,667,16,14,0.24,0.306,0.365,0.671,55,94,0.125,0.08245877061469266,0.1409295352323838,0.299,0.243,0.295,87.5,4.9,30.7
672580,Maikel Garcia,,25,666,16,23,0.286,0.351,0.449,0.8,62,84,0.16300000000000003,0.09309309309309309,0.12612612612612611,0.335,0.276,0.347,91.3,5.6,45.1
605141,Mookie Betts,,32,663,20,8,0.258,0.326,0.406,0.732,61,68,0.14800000000000002,0.09200603318250378,0.10256410256410256,0.33,0.267,0.318,89.1,5.5,35.8
664023,Ian Happ,,30,663,23,6,0.243,0.342,0.42,0.762,87,151,0.177,0.13122171945701358,0.2277526395173454,0.354,0.256,0.333,90.0,10.4,44.4
621493,Taylor Ward,,31,663,36,4,0.228,0.317,0.475,0.792,75,175,0.24699999999999997,0.11312217194570136,0.26395173453996984,0.333,0.231,0.339,90.1,13.7,42.7
661388,William Contreras,,27,659,17,6,0.26,0.355,0.399,0.754,84,120,0.139,0.1274658573596358,0.18209408194233687,0.331,0.253,0.332,91.1,6.4,48.5
668930,Brice Turang,,25,659,18,24,0.288,0.359,0.435,0.794,66,150,0.14700000000000002,0.10015174506828528,0.2276176024279211,0.335,0.262,0.346,91.1,7.9,47.4
553993,Eugenio Suárez,,33,657,49,4,0.228,0.298,0.526,0.824,46,196,0.29800000000000004,0.0700152207001522,0.2983257229832572,0.32,0.211,0.347,90.2,14.3,47.6
641355,Cody Bellinger,,29,656,29,13,0.272,0.334,0.48,0.814,57,90,0.20799999999999996,0.08689024390243902,0.13719512195121952,0.327,0.254,0.347,88.3,7.5,37.9
682985,Riley Greene,,24,655,36,2,0.258,0.313,0.493,0.806,46,201,0.235,0.07022900763358779,0.3068702290076336,0.335,0.239,0.343,89.9,17.1,45.5
514888,Jose Altuve,,35,654,26,10,0.265,0.329,0.442,0.771,55,109,0.177,0.08409785932721713,0.16666666666666666,0.3,0.237,0.331,85.1,6.2,30.9
641487,J.P. Crawford,,30,654,12,8,0.265,0.352,0.37,0.722,74,122,0.10499999999999998,0.11314984709480122,0.18654434250764526,0.329,0.266,0.322,87.2,4.8,34.7
668804,Bryan Reynolds,,30,654,16,3,0.245,0.318,0.402,0.72,57,173,0.15700000000000003,0.0871559633027523,0.26452599388379205,0.338,0.259,0.315,91.2,10.1,46.0
596115,Trevor Story,,32,654,25,31,0.263,0.308,0.433,0.741,33,176,0.16999999999999998,0.05045871559633028,0.2691131498470948,0.311,0.249,0.32,91.4,9.8,47.0
691406,Junior Caminero,,21,653,45,7,0.264,0.311,0.535,0.846,41,125,0.271,0.06278713629402756,0.19142419601837674,0.346,0.255,0.357,92.4,14.0,51.4
607043,Brandon Nimmo,,32,652,25,13,0.262,0.324,0.436,0.76,50,141,0.174,0.07668711656441718,0.21625766871165644,0.321,0.252,0.329,91.9,8.8,50.2
650490,Yandy Díaz,,33,651,25,3,0.3,0.366,0.482,0.848,57,92,0.182,0.08755760368663594,0.141321044546851,0.353,0.285,0.364,93.0,8.3,52.5
683002,Gunnar Henderson,,24,651,17,30,0.274,0.349,0.438,0.787,62,137,0.16399999999999998,0.09523809523809523,0.21044546850998463,0.341,0.276,0.339,92.1,8.5,49.2
673548,Seiya Suzuki,,30,651,32,5,0.245,0.326,0.478,0.804,71,164,0.23299999999999998,0.10906298003072197,0.2519201228878648,0.352,0.247,0.343,91.3,16.6,48.7
663538,Nico Hoerner,,28,649,7,29,0.297,0.345,0.394,0.739,39,49,0.09700000000000003,0.060092449922958396,0.07550077041602465,0.322,0.292,0.324,86.7,2.3,30.3
702616,Jackson Holliday,,21,649,17,17,0.242,0.314,0.375,0.689,56,140,0.133,0.08628659476117104,0.21571648690292758,0.314,0.241,0.304,88.8,7.8,40.8
679529,Spencer Torkelson,,25,649,31,2,0.24,0.333,0.456,0.789,72,169,0.21600000000000003,0.11093990755007704,0.26040061633281975,0.334,0.226,0.339,90.2,13.5,45.1
691718,Pete Crow-Armstrong,,23,647,31,35,0.247,0.287,0.481,0.768,29,155,0.23399999999999999,0.04482225656877898,0.23956723338485317,0.321,0.242,0.323,89.5,13.0,41.6
621020,Dansby Swanson,,31,645,24,20,0.244,0.3,0.417,0.717,47,168,0.173,0.07286821705426356,0.26046511627906976,0.345,0.267,0.31,90.5,11.7,47.8
592885,Christian Yelich,,33,644,29,16,0.264,0.343,0.452,0.795,64,167,0.188,0.09937888198757763,0.2593167701863354,0.33,0.245,0.343,90.2,10.3,46.4
682998,Corbin Carroll,,24,642,31,32,0.259,0.343,0.541,0.884,67,153,0.28200000000000003,0.1043613707165109,0.2383177570093458,0.372,0.262,0.371,92.1,14.5,49.9
671739,Michael Harris II,,24,641,20,20,0.249,0.268,0.409,0.677,16,128,0.15999999999999998,0.0249609984399376,0.1996879875195008,0.315,0.268,0.289,90.2,9.1,43.4
521692,Salvador Perez,,35,641,30,0,0.236,0.284,0.446,0.73,28,125,0.21000000000000002,0.0436817472698908,0.19500780031201248,0.357,0.269,0.311,90.0,14.8,46.7
572233,Christian Walker,,34,640,27,2,0.238,0.297,0.421,0.718,40,177,0.183,0.0625,0.2765625,0.314,0.233,0.31,90.9,12.9,46.1
607208,Trea Turner,,32,639,15,36,0.304,0.355,0.457,0.812,43,107,0.15300000000000002,0.06729264475743349,0.1674491392801252,0.321,0.27,0.352,89.3,5.8,42.1
682928,CJ Abrams,,24,635,19,31,0.257,0.315,0.433,0.748,37,125,0.176,0.05826771653543307,0.1968503937007874,0.309,0.245,0.324,88.7,7.6,39.2
671732,Lawrence Butler,,24,630,21,22,0.234,0.306,0.404,0.71,59,179,0.17,0.09365079365079365,0.2841269841269841,0.304,0.229,0.31,90.5,9.2,44.4
666182,Bo Bichette,,27,628,18,4,0.311,0.357,0.483,0.84,40,91,0.172,0.06369426751592357,0.1449044585987261,0.353,0.295,0.361,91.0,7.9,48.8
650402,Gleyber Torres,,28,628,16,4,0.256,0.358,0.387,0.745,85,101,0.131,0.13535031847133758,0.160828025477707,0.363,0.269,0.332,90.0,8.2,39.0
518692,Freddie Freeman,,35,627,24,6,0.295,0.367,0.502,0.869,60,128,0.20700000000000002,0.09569377990430622,0.20414673046251994,0.35,0.268,0.37,90.9,10.4,45.7
681624,Andy Pages,,24,624,27,14,0.272,0.313,0.461,0.774,29,135,0.189,0.046474358974358976,0.21634615384615385,0.316,0.258,0.332,88.6,8.4,37.2
691016,Tyler Soderstrom,,23,624,25,8,0.276,0.346,0.474,0.82,55,141,0.19799999999999995,0.08814102564102565,0.22596153846153846,0.341,0.261,0.354,91.6,11.4,49.8
669364,Xavier Edwards,,25,619,3,27,0.283,0.343,0.353,0.696,49,88,0.07,0.0791599353796446,0.1421647819063005,0.295,0.262,0.308,86.8,0.8,29.4
808982,Jung Hoo Lee,,26,617,8,10,0.266,0.327,0.407,0.734,47,71,0.14099999999999996,0.07617504051863858,0.11507293354943274,0.321,0.277,0.32,87.1,3.7,32.0
663993,Nathaniel Lowe,,29,609,18,1,0.228,0.307,0.381,0.688,62,159,0.153,0.10180623973727422,0.26108374384236455,0.303,0.229,0.301,89.0,7.0,41.5
647304,Josh Naylor,,28,604,20,30,0.295,0.353,0.462,0.815,48,83,0.16700000000000004,0.07947019867549669,0.13741721854304637,0.335,0.271,0.351,89.2,6.7,41.9
663656,Kyle Tucker,,28,597,22,25,0.266,0.377,0.464,0.841,87,88,0.198,0.1457286432160804,0.1474036850921273,0.372,0.27,0.363,90.1,10.8,40.4
683011,Anthony Volpe,,24,596,19,18,0.212,0.272,0.391,0.663,43,150,0.17900000000000002,0.07214765100671142,0.2516778523489933,0.301,0.223,0.286,89.3,10.5,41.9
686217,Sal Frelick,,25,594,12,19,0.288,0.351,0.405,0.756,47,80,0.11700000000000005,0.07912457912457913,0.13468013468013468,0.299,0.255,0.332,85.5,3.1,27.4
672640,Otto Lopez,,26,594,15,15,0.246,0.305,0.368,0.673,44,82,0.122,0.07407407407407407,0.13804713804713806,0.33,0.269,0.295,88.5,7.1,38.3
683737,Michael Busch,,27,592,34,4,0.261,0.343,0.523,0.866,56,139,0.262,0.0945945945945946,0.23479729729729729,0.378,0.262,0.369,92.2,17.1,47.3
542303,Marcell Ozuna,,34,592,21,0,0.232,0.355,0.4,0.755,94,144,0.168,0.15878378378378377,0.24324324324324326,0.354,0.239,0.334,89.9,11.4,44.6
592206,Nick Castellanos,,33,589,17,4,0.25,0.294,0.4,0.694,32,133,0.15000000000000002,0.05432937181663837,0.22580645161290322,0.302,0.242,0.3,87.8,7.6,34.5
694192,Jackson Chourio,,21,589,21,21,0.27,0.308,0.463,0.771,30,121,0.193,0.050933786078098474,0.20543293718166383,0.307,0.247,0.328,89.3,9.7,42.3
687597,Jordan Beck,,24,588,16,19,0.258,0.317,0.416,0.733,43,174,0.15799999999999997,0.07312925170068027,0.29591836734693877,0.301,0.231,0.319,87.4,9.6,38.5
676391,Ernie Clement,,29,588,9,6,0.277,0.313,0.398,0.711,27,61,0.121,0.04591836734693878,0.10374149659863946,0.292,0.263,0.308,86.6,2.4,26.0
678882,Ceddanne Rafaela,,24,587,16,20,0.249,0.295,0.414,0.709,28,117,0.16499999999999998,0.04770017035775128,0.19931856899488926,0.305,0.242,0.307,88.3,9.2,38.7
641857,Ryan McMahon,,30,586,20,3,0.214,0.312,0.381,0.693,70,189,0.167,0.11945392491467577,0.3225255972696246,0.322,0.219,0.306,93.3,12.1,50.5
543807,George Springer,,35,586,32,18,0.309,0.399,0.56,0.959,69,111,0.25100000000000006,0.11774744027303755,0.189419795221843,0.404,0.291,0.408,90.0,16.1,47.6
682663,Agustín Ramírez,,23,585,21,16,0.231,0.287,0.413,0.7,36,113,0.18199999999999997,0.06153846153846154,0.19316239316239317,0.332,0.259,0.302,90.8,11.0,47.0
621043,Carlos Correa,,30,584,13,0,0.276,0.332,0.402,0.734,45,113,0.126,0.07705479452054795,0.1934931506849315,0.338,0.28,0.322,90.5,6.8,45.9
663457,Lars Nootbaar,,27,583,13,4,0.234,0.325,0.361,0.686,64,119,0.12699999999999997,0.1097770154373928,0.20411663807890223,0.317,0.231,0.304,91.3,10.2,50.0
663757,Trent Grisham,,28,581,34,3,0.235,0.348,0.464,0.812,82,137,0.22900000000000004,0.14113597246127366,0.23580034423407917,0.37,0.248,0.353,91.1,14.2,46.4
547180,Bryce Harper,,32,580,27,12,0.261,0.357,0.487,0.844,70,121,0.22599999999999998,0.1206896551724138,0.20862068965517241,0.368,0.268,0.361,91.3,12.3,47.5
696100,Hunter Goodman,,25,579,31,1,0.278,0.323,0.52,0.843,33,152,0.242,0.05699481865284974,0.26252158894645944,0.324,0.244,0.359,90.8,12.8,46.9
680574,Matt McLain,,25,577,15,18,0.22,0.3,0.343,0.643,55,167,0.12300000000000003,0.09532062391681109,0.28942807625649913,0.29,0.212,0.286,88.8,7.7,40.7
666176,Jo Adell,,26,573,37,5,0.236,0.293,0.485,0.778,33,151,0.249,0.05759162303664921,0.26352530541012215,0.365,0.26,0.333,91.7,17.3,50.0
694671,Wyatt Langford,,23,573,22,22,0.241,0.344,0.431,0.775,74,151,0.19,0.12914485165794065,0.26352530541012215,0.346,0.239,0.337,91.4,14.0,48.4
663647,Ke'Bryan Hayes,,28,570,5,12,0.235,0.29,0.306,0.596,36,111,0.07100000000000001,0.06315789473684211,0.19473684210526315,0.282,0.238,0.266,89.3,4.5,42.5
678246,Miguel Vargas,,25,569,16,6,0.234,0.316,0.401,0.717,56,100,0.167,0.0984182776801406,0.1757469244288225,0.319,0.237,0.314,89.7,9.3,40.5
668715,Spencer Steer,,27,568,21,7,0.238,0.312,0.411,0.723,51,129,0.173,0.0897887323943662,0.22711267605633803,0.293,0.219,0.316,87.3,7.6,33.2
673237,Yainer Diaz,,26,567,20,1,0.256,0.284,0.417,0.701,20,95,0.16099999999999998,0.03527336860670194,0.1675485008818342,0.326,0.268,0.3,89.9,9.6,42.2
663697,Jonathan India,,28,567,9,0,0.233,0.323,0.346,0.669,54,106,0.11299999999999996,0.09523809523809523,0.18694885361552027,0.315,0.238,0.301,87.9,5.8,36.8
663616,Trevor Larnach,,28,567,17,4,0.25,0.323,0.404,0.727,53,122,0.15400000000000003,0.09347442680776014,0.21516754850088182,0.315,0.247,0.317,90.9,7.2,45.7
694384,Nolan Schanuel,,23,564,12,5,0.264,0.353,0.389,0.742,59,71,0.125,0.10460992907801418,0.12588652482269502,0.327,0.262,0.327,87.5,4.5,29.0
575929,Willson Contreras,,33,563,20,5,0.257,0.344,0.447,0.791,44,142,0.19,0.07815275310834814,0.2522202486678508,0.358,0.257,0.344,90.6,13.9,49.0
669701,Josh Smith,,27,563,10,12,0.251,0.335,0.366,0.701,55,100,0.11499999999999999,0.09769094138543517,0.17761989342806395,0.31,0.247,0.311,87.2,5.0,31.1
681082,Bryson Stott,,27,560,13,24,0.257,0.328,0.391,0.719,54,91,0.134,0.09642857142857143,0.1625,0.313,0.247,0.315,87.6,5.1,29.5
573262,Mike Yastrzemski,,34,558,17,7,0.233,0.333,0.403,0.736,72,108,0.17,0.12903225806451613,0.1935483870967742,0.329,0.237,0.321,90.8,8.5,42.6
606466,Ketel Marte,,31,556,28,4,0.283,0.376,0.517,0.893,64,83,0.23400000000000004,0.11510791366906475,0.14928057553956833,0.39,0.285,0.381,90.8,13.5,47.0
545361,Mike Trout,,33,556,26,2,0.232,0.359,0.439,0.798,87,178,0.207,0.1564748201438849,0.32014388489208634,0.358,0.236,0.343,90.9,15.8,49.3
687263,Zach Neto,,24,554,26,26,0.257,0.319,0.474,0.793,33,149,0.21699999999999997,0.05956678700361011,0.26895306859205775,0.344,0.251,0.337,91.0,14.0,46.6
664040,Brandon Lowe,,30,553,31,3,0.256,0.307,0.477,0.784,38,149,0.22099999999999997,0.06871609403254973,0.2694394213381555,0.335,0.253,0.334,91.1,12.9,46.6
593428,Xander Bogaerts,,32,552,11,20,0.263,0.328,0.391,0.719,48,94,0.128,0.08695652173913043,0.17028985507246377,0.327,0.267,0.313,89.0,6.9,39.2
457705,Andrew McCutchen,,38,551,13,1,0.239,0.333,0.367,0.7,67,118,0.128,0.12159709618874773,0.21415607985480944,0.333,0.258,0.309,89.5,8.3,42.5
592663,J.T. Realmuto,,34,550,12,8,0.257,0.315,0.384,0.699,35,129,0.127,0.06363636363636363,0.23454545454545456,0.316,0.253,0.307,90.0,8.8,45.5
666969,Adolis García,,32,547,19,13,0.227,0.271,0.394,0.665,28,135,0.167,0.051188299817184646,0.24680073126142596,0.304,0.232,0.286,92.1,11.6,46.7
676475,Alec Burleson,,26,546,18,5,0.29,0.343,0.459,0.802,39,79,0.16900000000000004,0.07142857142857142,0.1446886446886447,0.345,0.272,0.346,91.0,9.5,43.0
666971,Lourdes Gurriel Jr.,,31,546,19,10,0.248,0.295,0.418,0.713,31,76,0.16999999999999998,0.056776556776556776,0.1391941391941392,0.315,0.256,0.307,87.8,7.2,38.3
606192,Teoscar Hernández,,32,546,25,5,0.247,0.284,0.454,0.738,26,134,0.20700000000000002,0.047619047619047616,0.2454212454212454,0.323,0.25,0.315,90.2,11.5,46.1
657757,Gavin Sheets,,29,545,19,2,0.252,0.317,0.429,0.746,44,107,0.177,0.08073394495412844,0.1963302752293578,0.34,0.263,0.323,89.9,9.5,46.5
665833,Oneil Cruz,,26,544,20,38,0.2,0.298,0.378,0.676,64,174,0.178,0.11764705882352941,0.31985294117647056,0.324,0.218,0.295,95.8,17.9,56.6
656811,Ryan O'Hearn,,31,544,17,3,0.281,0.366,0.437,0.803,58,109,0.15599999999999997,0.10661764705882353,0.20036764705882354,0.343,0.269,0.349,89.4,7.6,42.5
672820,Lenyn Sosa,,25,544,22,2,0.264,0.293,0.434,0.727,18,127,0.16999999999999998,0.03308823529411765,0.23345588235294118,0.326,0.263,0.313,90.7,10.4,43.8
665161,Jeremy Peña,,27,543,17,20,0.304,0.363,0.477,0.84,35,93,0.173,0.06445672191528545,0.1712707182320442,0.334,0.27,0.363,88.9,8.2,42.9
621439,Byron Buxton,,31,542,35,24,0.264,0.327,0.551,0.878,41,148,0.28700000000000003,0.07564575645756458,0.2730627306273063,0.35,0.249,0.367,92.5,17.6,53.8
650859,Luis Rengifo,,28,541,9,10,0.238,0.287,0.335,0.622,33,104,0.09700000000000003,0.06099815157116451,0.1922365988909427,0.302,0.26,0.275,87.1,5.0,32.7
686668,Brenton Doyle,,27,538,15,18,0.233,0.274,0.376,0.65,30,138,0.143,0.055762081784386616,0.25650557620817843,0.3,0.239,0.282,89.9,10.8,44.6
691026,Masyn Winn,,23,537,9,9,0.253,0.31,0.363,0.673,34,102,0.10999999999999999,0.0633147113594041,0.18994413407821228,0.286,0.24,0.297,88.3,4.8,34.6
656305,Matt Chapman,,32,535,21,9,0.231,0.34,0.43,0.77,71,126,0.19899999999999998,0.13271028037383178,0.23551401869158878,0.34,0.243,0.336,92.2,9.9,47.6
502671,Paul Goldschmidt,,37,534,10,5,0.274,0.328,0.403,0.731,36,100,0.129,0.06741573033707865,0.18726591760299627,0.329,0.266,0.316,90.4,7.9,43.7
543760,Marcus Semien,,34,534,15,11,0.23,0.305,0.364,0.669,50,93,0.13399999999999998,0.09363295880149813,0.17415730337078653,0.318,0.243,0.295,88.3,6.7,35.0
605137,Josh Bell,,32,533,22,0,0.237,0.325,0.417,0.742,57,88,0.18,0.10694183864915573,0.1651031894934334,0.359,0.256,0.324,90.4,12.0,47.0
665862,Jazz Chisholm Jr.,,27,531,31,31,0.242,0.332,0.481,0.813,58,148,0.239,0.10922787193973635,0.2787193973634652,0.346,0.234,0.349,89.0,15.0,43.3
700932,Kyle Manzardo,,24,531,27,2,0.234,0.313,0.455,0.768,48,135,0.221,0.0903954802259887,0.2542372881355932,0.322,0.224,0.329,90.3,11.8,43.8
700250,Ben Rice,,26,530,26,3,0.255,0.337,0.499,0.836,50,100,0.244,0.09433962264150944,0.18867924528301888,0.394,0.283,0.358,93.3,15.4,56.1
686797,Brooks Lee,,24,527,16,3,0.236,0.285,0.37,0.655,31,92,0.134,0.058823529411764705,0.174573055028463,0.289,0.234,0.286,88.6,5.8,38.5
671277,Luis García Jr.,,25,526,16,14,0.252,0.289,0.412,0.701,27,84,0.15999999999999998,0.051330798479087454,0.1596958174904943,0.339,0.281,0.3,90.2,9.0,45.8
593871,Jorge Polanco,,31,524,26,6,0.265,0.326,0.495,0.821,42,82,0.22999999999999998,0.08015267175572519,0.15648854961832062,0.343,0.266,0.35,90.8,10.3,45.8
669127,Shea Langeliers,,27,523,31,7,0.277,0.325,0.536,0.861,36,103,0.259,0.06883365200764818,0.19694072657743786,0.328,0.251,0.364,90.9,11.2,44.9
805779,Jacob Wilson,,23,523,13,5,0.311,0.355,0.444,0.799,27,39,0.133,0.05162523900573614,0.0745697896749522,0.304,0.277,0.348,84.6,2.2,24.7
630105,Jake Cronenworth,,31,515,11,3,0.246,0.367,0.377,0.744,69,107,0.131,0.13398058252427184,0.20776699029126214,0.319,0.225,0.333,88.5,6.2,39.0
680977,Brendan Donovan,,28,515,10,3,0.287,0.353,0.422,0.775,42,67,0.135,0.08155339805825243,0.13009708737864079,0.346,0.28,0.337,89.7,8.8,40.9
676572,Eric Wagaman,,27,514,9,4,0.25,0.296,0.378,0.674,32,100,0.128,0.0622568093385214,0.19455252918287938,0.315,0.259,0.293,91.0,6.8,46.5
673962,Josh Jung,,27,511,14,4,0.251,0.294,0.39,0.684,27,129,0.139,0.05283757338551859,0.25244618395303325,0.304,0.245,0.298,89.3,8.2,46.7
656716,Zach McKinstry,,30,511,12,19,0.259,0.333,0.438,0.771,46,111,0.179,0.09001956947162426,0.2172211350293542,0.305,0.247,0.333,85.7,6.1,30.5
702332,Caleb Durbin,,25,506,11,18,0.256,0.334,0.387,0.721,30,50,0.131,0.05928853754940711,0.09881422924901186,0.312,0.255,0.319,85.2,4.0,26.9
672386,Alejandro Kirk,,26,506,15,1,0.282,0.348,0.421,0.769,48,59,0.139,0.09486166007905138,0.116600790513834,0.359,0.278,0.334,91.1,10.1,50.8
687401,Joey Ortiz,,26,506,7,14,0.23,0.276,0.317,0.593,27,74,0.087,0.0533596837944664,0.14624505928853754,0.275,0.245,0.263,84.9,3.0,32.8
805367,Chase Meidroth,,23,505,5,14,0.253,0.329,0.32,0.649,45,72,0.067,0.0891089108910891,0.14257425742574256,0.3,0.254,0.294,88.2,1.6,36.1
664761,Alec Bohm,,28,504,11,2,0.287,0.331,0.409,0.74,29,82,0.122,0.057539682539682536,0.1626984126984127,0.324,0.275,0.322,90.8,6.2,46.4
666158,Gavin Lux,,27,503,5,1,0.269,0.35,0.374,0.724,56,114,0.10499999999999998,0.11133200795228629,0.22664015904572565,0.299,0.243,0.322,88.3,3.6,36.9
680718,Addison Barger,,25,502,21,4,0.243,0.301,0.454,0.755,36,121,0.21100000000000002,0.07171314741035857,0.2410358565737052,0.331,0.255,0.322,91.7,11.4,51.0
664056,Harrison Bader,,31,501,17,11,0.277,0.347,0.449,0.796,39,136,0.172,0.07784431137724551,0.2714570858283433,0.297,0.22,0.346,87.2,10.2,40.3
656775,Cedric Mullins,,30,498,17,22,0.216,0.299,0.391,0.69,50,120,0.17500000000000002,0.10040160642570281,0.24096385542168675,0.284,0.207,0.302,88.8,6.2,35.9
660821,Jesús Sánchez,,27,497,14,13,0.237,0.304,0.395,0.699,42,110,0.15800000000000003,0.08450704225352113,0.22132796780684105,0.323,0.242,0.304,91.3,11.1,43.4
608324,Alex Bregman,,31,495,18,1,0.273,0.36,0.462,0.822,51,70,0.189,0.10303030303030303,0.1414141414141414,0.337,0.254,0.356,90.1,6.6,44.4
701358,Cam Smith,,22,493,9,8,0.236,0.312,0.358,0.67,43,137,0.122,0.0872210953346856,0.2778904665314402,0.304,0.235,0.298,87.9,6.9,40.8
664034,Ty France,,30,490,7,1,0.257,0.32,0.36,0.68,22,83,0.10299999999999998,0.044897959183673466,0.16938775510204082,0.328,0.259,0.302,89.5,7.7,44.2
701762,Nick Kurtz,,22,489,36,2,0.29,0.383,0.619,1.002,63,151,0.329,0.12883435582822086,0.30879345603271985,0.372,0.245,0.419,92.7,18.4,51.1
657656,Ramón Laureano,,30,488,24,7,0.281,0.342,0.512,0.854,35,119,0.23099999999999998,0.07172131147540983,0.24385245901639344,0.362,0.27,0.364,90.3,13.8,49.1
624424,Michael Conforto,,32,486,12,1,0.199,0.305,0.333,0.638,56,121,0.134,0.11522633744855967,0.24897119341563786,0.33,0.233,0.287,89.9,9.7,44.0
682657,Angel Martínez,,23,484,11,8,0.224,0.269,0.359,0.628,23,110,0.13499999999999998,0.047520661157024795,0.22727272727272727,0.255,0.215,0.274,87.1,3.5,29.3
701538,Jackson Merrill,,22,483,16,1,0.264,0.317,0.457,0.774,33,108,0.193,0.06832298136645963,0.2236024844720497,0.347,0.263,0.331,89.7,13.0,42.9
596146,Max Kepler,,32,474,18,3,0.216,0.3,0.391,0.691,48,93,0.17500000000000002,0.10126582278481013,0.1962025316455696,0.332,0.243,0.3,90.8,11.6,44.7
467793,Carlos Santana,,39,474,11,7,0.219,0.308,0.325,0.633,52,91,0.10600000000000001,0.10970464135021098,0.19198312236286919,0.29,0.216,0.284,87.6,4.9,37.8
672356,Gabriel Arias,,25,471,11,8,0.22,0.274,0.363,0.637,27,162,0.143,0.05732484076433121,0.34394904458598724,0.286,0.214,0.278,90.2,11.3,43.3
643217,Andrew Benintendi,,30,470,20,1,0.24,0.307,0.431,0.738,40,82,0.191,0.0851063829787234,0.17446808510638298,0.32,0.234,0.317,88.0,11.0,36.9
693307,Dillon Dingler,,26,469,13,0,0.278,0.327,0.425,0.752,23,110,0.14699999999999996,0.04904051172707889,0.2345415778251599,0.351,0.29,0.326,90.0,9.2,45.7
677950,Alek Thomas,,25,469,9,7,0.249,0.289,0.37,0.659,21,122,0.121,0.04477611940298507,0.2601279317697228,0.289,0.242,0.287,89.6,7.8,39.3
690993,Colt Keith,,23,468,13,1,0.256,0.333,0.413,0.746,48,102,0.15699999999999997,0.10256410256410256,0.21794871794871795,0.341,0.257,0.326,90.0,9.2,43.7
681481,Kerry Carpenter,,27,464,26,1,0.252,0.291,0.497,0.788,18,106,0.245,0.03879310344827586,0.22844827586206898,0.335,0.252,0.335,91.4,12.5,46.8
680777,Ryan Jeffers,,28,464,9,1,0.266,0.356,0.397,0.753,50,91,0.131,0.10775862068965517,0.1961206896551724,0.325,0.243,0.333,89.3,6.3,42.1
527038,Wilmer Flores,,33,463,16,1,0.241,0.307,0.379,0.686,34,88,0.138,0.0734341252699784,0.1900647948164147,0.281,0.225,0.302,85.9,4.8,26.9
687363,Victor Scott II,,24,463,5,34,0.216,0.305,0.296,0.601,42,111,0.07999999999999999,0.09071274298056156,0.23974082073434125,0.287,0.225,0.274,86.1,3.7,26.0
668901,Mark Vientos,,25,463,17,1,0.233,0.289,0.413,0.702,30,115,0.17999999999999997,0.06479481641468683,0.24838012958963282,0.32,0.246,0.303,91.4,11.5,50.5
643446,Jeff McNeil,,33,462,12,3,0.243,0.335,0.411,0.746,49,55,0.16799999999999998,0.10606060606060606,0.11904761904761904,0.33,0.266,0.324,87.2,5.1,32.9
666160,Mickey Moniak,,27,461,24,9,0.27,0.306,0.518,0.824,22,110,0.248,0.04772234273318872,0.2386117136659436,0.337,0.262,0.348,89.7,13.8,45.3
624428,Adam Frazier,,33,459,7,8,0.267,0.319,0.365,0.684,26,81,0.09799999999999998,0.05664488017429194,0.17647058823529413,0.279,0.244,0.3,85.3,2.0,20.6
643396,Isiah Kiner-Falefa,,30,459,2,15,0.262,0.297,0.334,0.631,17,77,0.07200000000000001,0.037037037037037035,0.16775599128540306,0.262,0.245,0.279,84.6,1.4,27.5
669065,Kyle Stowers,,27,457,25,5,0.288,0.368,0.544,0.912,48,125,0.25600000000000006,0.1050328227571116,0.2735229759299781,0.375,0.265,0.386,91.1,19.0,52.0
650489,Willi Castro,,28,454,11,10,0.226,0.313,0.366,0.679,40,111,0.13999999999999999,0.0881057268722467,0.2444933920704846,0.306,0.234,0.302,86.7,6.5,37.3
672275,Patrick Bailey,,26,452,6,1,0.222,0.277,0.325,0.602,30,133,0.10300000000000001,0.06637168141592921,0.2942477876106195,0.264,0.21,0.265,88.2,5.6,36.4
671056,Iván Herrera,,25,452,19,8,0.284,0.373,0.464,0.837,43,84,0.18000000000000005,0.09513274336283185,0.18584070796460178,0.371,0.275,0.365,91.2,11.0,47.7
681351,Logan O'Hoppe,,25,451,19,2,0.213,0.258,0.371,0.629,24,139,0.158,0.05321507760532151,0.3082039911308204,0.301,0.228,0.273,90.9,13.3,46.9
502054,Tommy Pham,,37,449,10,5,0.245,0.33,0.37,0.7,50,94,0.125,0.111358574610245,0.20935412026726058,0.318,0.246,0.308,91.6,6.6,47.2
669224,Austin Wells,,25,448,21,5,0.219,0.275,0.436,0.711,30,118,0.217,0.06696428571428571,0.26339285714285715,0.294,0.214,0.302,90.6,10.2,45.2
663586,Austin Riley,,28,447,16,2,0.26,0.309,0.428,0.737,27,128,0.16799999999999998,0.06040268456375839,0.28635346756152125,0.33,0.246,0.318,92.3,15.2,50.2
683734,Andrew Vaughn,,27,447,14,0,0.254,0.307,0.411,0.718,31,80,0.15699999999999997,0.06935123042505593,0.1789709172259508,0.349,0.273,0.311,91.6,12.0,47.7
686948,Drake Baldwin,,24,446,19,0,0.274,0.341,0.469,0.81,38,68,0.19499999999999995,0.08520179372197309,0.15246636771300448,0.353,0.272,0.351,91.7,11.0,49.6
665966,Carlos Narváez,,26,446,15,1,0.241,0.306,0.419,0.725,38,111,0.178,0.08520179372197309,0.24887892376681614,0.293,0.22,0.315,91.1,9.1,44.6
608369,Corey Seager,,31,445,21,3,0.271,0.373,0.487,0.86,58,87,0.21599999999999997,0.1303370786516854,0.19550561797752808,0.4,0.285,0.365,92.9,15.3,53.6
686555,Isaac Collins,,27,441,9,16,0.263,0.368,0.411,0.779,57,93,0.14799999999999996,0.1292517006802721,0.2108843537414966,0.322,0.246,0.344,88.8,4.9,38.9
802415,Chandler Simpson,,24,441,0,44,0.295,0.326,0.345,0.671,20,43,0.04999999999999999,0.045351473922902494,0.09750566893424037,0.297,0.295,0.296,84.3,0.0,17.3
664770,Nathan Lukes,,30,438,12,2,0.255,0.323,0.407,0.73,38,60,0.15199999999999997,0.0867579908675799,0.136986301369863,0.315,0.259,0.317,87.9,4.7,37.0
670623,Isaac Paredes,,26,438,20,0,0.254,0.352,0.458,0.81,50,76,0.20400000000000001,0.1141552511415525,0.1735159817351598,0.32,0.235,0.353,87.4,6.3,33.6
595879,Javier Báez,,32,437,12,5,0.257,0.282,0.398,0.68,10,109,0.14100000000000001,0.02288329519450801,0.2494279176201373,0.27,0.23,0.293,88.2,5.5,39.9
807713,Matt Shaw,,23,437,13,17,0.226,0.295,0.394,0.689,38,94,0.168,0.08695652173913043,0.2151029748283753,0.302,0.237,0.3,84.9,6.9,29.4
571448,Nolan Arenado,,34,436,12,3,0.237,0.289,0.377,0.666,28,49,0.14,0.06422018348623854,0.11238532110091744,0.289,0.245,0.287,86.8,3.9,32.6
669257,Will Smith,,30,436,17,2,0.296,0.404,0.497,0.901,64,89,0.201,0.14678899082568808,0.20412844036697247,0.378,0.269,0.389,91.3,12.2,47.1
666139,Josh Lowe,,27,435,11,18,0.22,0.283,0.366,0.649,33,109,0.146,0.07586206896551724,0.25057471264367814,0.298,0.24,0.284,88.6,5.9,39.6
641680,Jonah Heim,,30,433,11,3,0.213,0.271,0.332,0.603,32,88,0.11900000000000002,0.07390300230946882,0.20323325635103925,0.276,0.219,0.266,88.1,6.1,35.9
683146,Brett Baty,,25,432,18,8,0.254,0.313,0.435,0.748,33,108,0.181,0.0763888888888889,0.25,0.334,0.252,0.324,90.7,12.8,46.9
673357,Luis Robert Jr.,,27,431,14,33,0.223,0.297,0.364,0.661,40,112,0.141,0.09280742459396751,0.25986078886310904,0.321,0.246,0.289,89.4,10.2,41.6
691176,Jasson Domínguez,,22,429,10,23,0.257,0.331,0.388,0.719,41,115,0.131,0.09557109557109557,0.2680652680652681,0.306,0.237,0.316,90.6,7.0,49.6
671289,Tyler Freeman,,26,428,2,18,0.281,0.354,0.361,0.715,34,51,0.07999999999999996,0.0794392523364486,0.1191588785046729,0.325,0.278,0.319,90.1,2.1,40.4
663968,Jake Mangum,,29,428,3,27,0.296,0.33,0.368,0.698,19,64,0.07200000000000001,0.04439252336448598,0.14953271028037382,0.276,0.251,0.307,87.3,2.6,33.4
669016,Brandon Marsh,,27,425,11,7,0.28,0.342,0.443,0.785,38,110,0.16299999999999998,0.08941176470588236,0.25882352941176473,0.33,0.263,0.339,91.1,8.3,46.4
666018,Jonathan Aranda,,27,422,14,0,0.316,0.393,0.489,0.882,41,107,0.173,0.0971563981042654,0.25355450236966826,0.382,0.291,0.381,93.0,12.8,54.5
682177,Daniel Schneemann,,28,422,12,9,0.206,0.283,0.354,0.637,38,117,0.148,0.09004739336492891,0.2772511848341232,0.297,0.215,0.28,88.9,11.4,41.7
608348,Carson Kelly,,30,421,17,2,0.249,0.333,0.428,0.761,45,80,0.179,0.10688836104513064,0.19002375296912113,0.321,0.236,0.332,88.8,9.6,40.3
677800,Wilyer Abreu,,26,417,22,6,0.247,0.317,0.469,0.786,40,101,0.22199999999999998,0.09592326139088729,0.2422062350119904,0.335,0.243,0.334,90.8,12.3,44.9
669397,Nick Allen,,26,416,0,8,0.221,0.284,0.251,0.535,31,99,0.03,0.07451923076923077,0.23798076923076922,0.252,0.22,0.245,84.8,0.0,21.6
669720,Austin Hays,,29,416,15,7,0.266,0.315,0.453,0.768,29,107,0.187,0.06971153846153846,0.25721153846153844,0.3,0.234,0.327,88.8,10.4,38.4
666310,Bo Naylor,,25,414,14,1,0.195,0.282,0.379,0.661,45,99,0.184,0.10869565217391304,0.2391304347826087,0.292,0.201,0.289,89.6,9.7,38.3
660670,Ronald Acuña Jr.,,27,412,21,9,0.29,0.417,0.518,0.935,71,102,0.22800000000000004,0.17233009708737865,0.24757281553398058,0.397,0.263,0.403,92.7,15.7,52.5
687462,Spencer Horwitz,,27,411,11,0,0.272,0.353,0.434,0.787,44,73,0.16199999999999998,0.1070559610705596,0.17761557177615572,0.326,0.251,0.344,87.4,8.2,36.0
664728,Kyle Isbel,,28,409,4,4,0.255,0.301,0.353,0.654,23,74,0.09799999999999998,0.05623471882640587,0.18092909535452323,0.251,0.22,0.287,87.8,1.6,36.1
693304,Nick Gonzales,,26,408,5,0,0.26,0.299,0.362,0.661,21,73,0.10199999999999998,0.051470588235294115,0.17892156862745098,0.291,0.254,0.289,88.8,4.5,38.8
666134,Nolan Jones,,27,403,5,8,0.211,0.296,0.304,0.6,39,113,0.093,0.0967741935483871,0.2803970223325062,0.301,0.224,0.27,90.8,8.5,46.7
668904,Royce Lewis,,26,403,13,12,0.237,0.283,0.388,0.671,25,80,0.15100000000000002,0.062034739454094295,0.19851116625310175,0.297,0.24,0.292,89.8,8.7,40.3
700337,Edgar Quero,,22,403,5,0,0.268,0.333,0.356,0.689,32,71,0.08799999999999997,0.0794044665012407,0.1761786600496278,0.29,0.236,0.307,90.4,3.7,46.3
669357,Nolan Gorman,,25,402,14,1,0.205,0.296,0.37,0.666,47,136,0.165,0.11691542288557213,0.3383084577114428,0.296,0.196,0.292,89.6,9.1,41.1
643289,Mauricio Dubón,,30,398,7,3,0.241,0.289,0.355,0.644,24,42,0.11399999999999999,0.06030150753768844,0.10552763819095477,0.278,0.247,0.283,84.5,1.2,26.3
691023,Jordan Walker,,23,396,6,10,0.215,0.278,0.306,0.584,29,126,0.091,0.07323232323232323,0.3181818181818182,0.278,0.207,0.26,92.3,10.9,50.0
670242,Matt Wallner,,27,392,22,4,0.202,0.311,0.464,0.775,46,114,0.262,0.11734693877551021,0.29081632653061223,0.327,0.205,0.334,91.0,13.8,45.5
602104,Ramón Urías,,31,391,11,3,0.241,0.292,0.384,0.676,27,88,0.14300000000000002,0.06905370843989769,0.22506393861892582,0.289,0.227,0.292,89.2,8.0,41.8
689414,Liam Hicks,,26,390,6,2,0.247,0.346,0.346,0.692,43,56,0.09899999999999998,0.11025641025641025,0.14358974358974358,0.315,0.244,0.313,84.6,3.5,27.7
678662,Ezequiel Tovar,,23,390,9,5,0.253,0.294,0.4,0.694,21,98,0.14700000000000002,0.05384615384615385,0.2512820512820513,0.319,0.261,0.301,89.4,9.3,38.9
686780,Pedro Pagés,,26,389,11,0,0.23,0.272,0.363,0.635,19,107,0.13299999999999998,0.04884318766066838,0.2750642673521851,0.259,0.208,0.276,88.0,7.3,36.5
571970,Max Muncy,,34,388,19,4,0.243,0.376,0.47,0.846,64,83,0.22699999999999998,0.16494845360824742,0.21391752577319587,0.374,0.238,0.366,91.3,13.6,51.5
605170,Victor Caratini,,31,386,12,1,0.259,0.324,0.404,0.728,23,65,0.14500000000000002,0.05958549222797927,0.16839378238341968,0.329,0.255,0.318,88.7,7.7,40.7
665019,Kody Clemens,,29,386,19,5,0.213,0.281,0.434,0.715,29,93,0.221,0.07512953367875648,0.24093264248704663,0.331,0.243,0.307,91.5,12.0,48.3
643565,Mike Tauchman,,34,385,9,0,0.263,0.356,0.4,0.756,45,86,0.137,0.11688311688311688,0.22337662337662337,0.321,0.244,0.335,89.0,6.8,38.8
672761,Wenceel Pérez,,25,383,13,8,0.244,0.308,0.43,0.738,31,87,0.186,0.08093994778067885,0.22715404699738903,0.31,0.242,0.318,90.3,8.8,40.1
677587,Brayan Rocchio,,24,383,5,8,0.233,0.29,0.34,0.63,22,77,0.10700000000000001,0.057441253263707574,0.2010443864229765,0.295,0.246,0.278,88.0,3.3,35.5
676694,Jake Meyers,,29,381,3,16,0.292,0.354,0.373,0.727,31,67,0.08100000000000002,0.08136482939632546,0.17585301837270342,0.325,0.269,0.323,88.1,5.0,38.9
669242,Tommy Edman,,30,377,13,3,0.225,0.274,0.382,0.656,19,61,0.157,0.050397877984084884,0.16180371352785147,0.321,0.274,0.284,88.3,4.5,39.9
669394,Jake Burger,,29,376,16,1,0.236,0.269,0.419,0.688,12,93,0.183,0.031914893617021274,0.2473404255319149,0.324,0.246,0.295,90.4,13.9,48.5
669707,Jared Triolo,,27,376,7,13,0.227,0.311,0.356,0.667,39,76,0.12899999999999998,0.10372340425531915,0.20212765957446807,0.31,0.239,0.296,89.0,6.2,38.2
595777,Jurickson Profar,,32,371,14,9,0.245,0.353,0.434,0.787,48,59,0.189,0.1293800539083558,0.15902964959568733,0.325,0.23,0.346,89.0,7.3,40.3
676609,José Caballero,,28,370,5,49,0.236,0.339,0.347,0.686,47,98,0.11099999999999999,0.12702702702702703,0.2648648648648649,0.299,0.218,0.309,86.0,5.9,30.6
665926,Andrés Giménez,,26,369,7,12,0.21,0.285,0.313,0.598,25,66,0.10300000000000001,0.06775067750677506,0.17886178861788618,0.308,0.252,0.269,86.3,3.0,27.7
668939,Adley Rutschman,,27,365,9,0,0.22,0.307,0.366,0.673,40,57,0.146,0.1095890410958904,0.15616438356164383,0.325,0.241,0.298,89.4,7.5,38.6
696285,Jacob Young,,25,364,2,15,0.231,0.296,0.287,0.583,27,65,0.055999999999999966,0.07417582417582418,0.17857142857142858,0.297,0.262,0.264,87.6,1.9,34.2
681297,Colton Cowser,,25,360,16,14,0.196,0.269,0.385,0.654,27,128,0.189,0.075,0.35555555555555557,0.293,0.2,0.285,90.9,14.1,46.0
682622,Noelvi Marte,,23,360,14,10,0.263,0.3,0.448,0.748,16,85,0.185,0.044444444444444446,0.2361111111111111,0.304,0.245,0.321,88.5,9.0,36.3
663624,Ryan Mountcastle,,28,357,7,3,0.25,0.286,0.367,0.653,15,98,0.11699999999999999,0.04201680672268908,0.27450980392156865,0.313,0.253,0.284,90.7,11.7,47.1
676059,Jordan Westburg,,26,352,17,1,0.265,0.313,0.457,0.77,17,80,0.192,0.048295454545454544,0.22727272727272727,0.327,0.253,0.332,90.2,11.2,43.4
695734,Daylen Lile,,22,351,9,8,0.299,0.347,0.498,0.845,21,56,0.199,0.05982905982905983,0.15954415954415954,0.348,0.302,0.36,88.9,5.2,40.1
669477,Casey Schmitt,,26,348,12,0,0.237,0.305,0.401,0.706,27,83,0.16400000000000003,0.07758620689655173,0.23850574712643677,0.328,0.256,0.307,89.5,9.0,43.8
666023,Freddy Fermin,,30,347,5,1,0.251,0.297,0.339,0.636,19,65,0.08800000000000002,0.05475504322766571,0.1873198847262248,0.271,0.233,0.28,89.1,4.2,34.1
668709,JJ Bleday,,27,344,14,1,0.212,0.294,0.404,0.698,36,91,0.19200000000000003,0.10465116279069768,0.26453488372093026,0.276,0.197,0.302,88.7,7.8,38.7
578428,Jose Iglesias,,35,343,3,5,0.229,0.298,0.294,0.592,24,56,0.06499999999999997,0.06997084548104957,0.16326530612244897,0.281,0.24,0.268,84.0,2.0,28.5
691594,Javier Sanoja,,22,342,6,6,0.243,0.287,0.396,0.683,19,41,0.15300000000000002,0.05555555555555555,0.11988304093567251,0.282,0.251,0.294,88.5,1.8,35.0
663886,Tyler Stephenson,,28,342,13,0,0.231,0.316,0.421,0.737,37,116,0.18999999999999997,0.10818713450292397,0.3391812865497076,0.313,0.216,0.319,90.5,14.4,49.2
609280,Miguel Andujar,,30,341,10,1,0.318,0.352,0.47,0.822,17,49,0.15199999999999997,0.04985337243401759,0.1436950146627566,0.298,0.259,0.354,88.0,4.7,35.4
663853,Romy Gonzalez,,28,341,9,6,0.305,0.343,0.483,0.826,18,81,0.178,0.05278592375366569,0.2375366568914956,0.344,0.276,0.352,93.3,12.6,57.3
621438,Tyrone Taylor,,31,341,2,12,0.223,0.279,0.319,0.598,16,76,0.096,0.0469208211143695,0.22287390029325513,0.298,0.257,0.264,86.5,3.8,35.1
643376,Danny Jansen,,30,337,14,0,0.215,0.321,0.399,0.72,42,86,0.18400000000000002,0.12462908011869436,0.2551928783382789,0.299,0.199,0.318,87.6,8.8,39.0
669221,Sean Murphy,,30,337,16,0,0.199,0.3,0.409,0.709,35,105,0.20999999999999996,0.10385756676557864,0.3115727002967359,0.314,0.201,0.309,89.1,13.2,43.1
681393,Connor Norby,,25,337,8,8,0.251,0.3,0.389,0.689,18,90,0.138,0.05341246290801187,0.26706231454005935,0.307,0.241,0.3,88.3,9.4,37.1
669911,Michael Toglia,,26,337,11,3,0.19,0.258,0.353,0.611,28,132,0.16299999999999998,0.0830860534124629,0.3916913946587537,0.271,0.199,0.265,89.9,10.2,43.2
667472,Dane Myers,,29,333,6,18,0.235,0.291,0.326,0.617,23,77,0.09100000000000003,0.06906906906906907,0.23123123123123124,0.308,0.251,0.275,90.7,7.8,42.0
663698,Joey Bart,,28,332,4,1,0.249,0.355,0.34,0.695,40,93,0.09100000000000003,0.12048192771084337,0.28012048192771083,0.318,0.222,0.317,88.4,10.4,43.2
649966,Luis Urías,,28,330,8,2,0.23,0.315,0.338,0.653,31,45,0.10800000000000001,0.09393939393939393,0.13636363636363635,0.3,0.234,0.293,86.2,3.7,30.2
516782,Starling Marte,,36,329,9,7,0.27,0.335,0.41,0.745,22,68,0.13999999999999996,0.0668693009118541,0.2066869300911854,0.319,0.248,0.326,87.6,7.8,40.4
681460,Brooks Baldwin,,24,328,11,5,0.24,0.29,0.407,0.697,21,86,0.16699999999999998,0.06402439024390244,0.2621951219512195,0.307,0.235,0.302,90.4,10.9,40.9
669289,Santiago Espinal,,30,328,0,2,0.243,0.292,0.282,0.574,21,38,0.03899999999999998,0.06402439024390244,0.11585365853658537,0.254,0.229,0.259,86.5,0.7,25.7
656555,Rhys Hoskins,,32,328,12,2,0.237,0.332,0.416,0.748,38,91,0.179,0.11585365853658537,0.2774390243902439,0.314,0.22,0.324,90.2,10.3,46.4
543309,Kyle Higashioka,,35,327,11,3,0.241,0.291,0.403,0.694,20,72,0.16200000000000003,0.06116207951070336,0.22018348623853212,0.295,0.233,0.301,88.9,8.6,39.1
700242,Trey Sweeney,,25,326,6,3,0.196,0.258,0.291,0.549,26,92,0.09499999999999997,0.07975460122699386,0.2822085889570552,0.245,0.191,0.245,87.9,6.7,35.1
572191,Michael A. Taylor,,34,325,9,8,0.2,0.259,0.366,0.625,23,110,0.16599999999999998,0.07076923076923076,0.3384615384615385,0.271,0.186,0.27,90.8,10.5,42.9
669743,Alex Call,,30,322,5,2,0.267,0.361,0.385,0.746,36,55,0.118,0.11180124223602485,0.17080745341614906,0.321,0.243,0.331,88.2,4.4,28.9
686611,Dylan Crews,,23,322,10,17,0.208,0.28,0.352,0.632,24,76,0.144,0.07453416149068323,0.2360248447204969,0.307,0.235,0.279,89.7,9.7,38.7
500743,Miguel Rojas,,36,317,7,5,0.262,0.318,0.397,0.715,24,46,0.135,0.07570977917981073,0.14511041009463724,0.293,0.249,0.312,87.6,4.0,31.2
670764,Taylor Walls,,28,317,4,14,0.22,0.28,0.319,0.599,26,70,0.099,0.08201892744479496,0.22082018927444794,0.261,0.21,0.265,87.0,3.2,26.4
624585,Jorge Soler,,33,315,12,0,0.215,0.293,0.387,0.68,28,94,0.17200000000000001,0.08888888888888889,0.2984126984126984,0.294,0.204,0.298,89.7,12.8,42.0
642133,Rowdy Tellez,,30,312,17,1,0.228,0.276,0.443,0.719,17,83,0.215,0.05448717948717949,0.266025641025641,0.328,0.234,0.307,91.2,15.3,46.4
672515,Gabriel Moreno,,25,309,9,2,0.285,0.353,0.433,0.786,29,53,0.14800000000000002,0.09385113268608414,0.1715210355987055,0.346,0.279,0.34,90.4,7.1,43.4
592626,Joc Pederson,,33,306,9,2,0.181,0.285,0.328,0.613,34,65,0.14700000000000002,0.1111111111111111,0.21241830065359477,0.315,0.219,0.276,91.2,9.5,44.8
666624,Christopher Morel,,26,305,11,7,0.219,0.289,0.396,0.685,25,109,0.17700000000000002,0.08196721311475409,0.35737704918032787,0.304,0.213,0.299,91.8,14.8,49.7
701350,Roman Anthony,,21,303,8,4,0.292,0.396,0.463,0.859,40,84,0.17100000000000004,0.132013201320132,0.27722772277227725,0.372,0.258,0.376,94.5,15.5,60.3
624431,Jose Trevino,,32,302,4,0,0.238,0.272,0.351,0.623,15,39,0.11299999999999999,0.04966887417218543,0.1291390728476821,0.278,0.242,0.271,87.9,4.4,40.7
571657,Kyle Farmer,,34,300,8,0,0.227,0.28,0.365,0.645,17,66,0.13799999999999998,0.056666666666666664,0.22,0.285,0.228,0.282,87.0,6.1,35.2
664702,Myles Straw,,30,299,4,12,0.262,0.313,0.367,0.68,19,50,0.10499999999999998,0.06354515050167224,0.16722408026755853,0.295,0.252,0.299,87.2,3.9,27.1
691019,Kyle Teel,,23,297,8,3,0.273,0.375,0.411,0.786,37,77,0.13799999999999996,0.12457912457912458,0.25925925925925924,0.337,0.237,0.349,88.3,9.6,37.6
695336,Thomas Saggese,,23,295,2,3,0.258,0.299,0.342,0.641,16,83,0.08400000000000002,0.05423728813559322,0.28135593220338984,0.28,0.239,0.282,90.2,5.6,44.1
810938,Ben Williamson,,24,295,1,5,0.253,0.294,0.31,0.604,15,64,0.056999999999999995,0.05084745762711865,0.21694915254237288,0.269,0.241,0.269,88.3,3.3,40.5
681715,Heriberto Hernández,,25,294,10,1,0.266,0.347,0.438,0.785,31,77,0.172,0.1054421768707483,0.2619047619047619,0.334,0.245,0.341,90.2,10.9,45.4
691723,Coby Mayo,,23,294,11,3,0.217,0.299,0.388,0.687,27,84,0.171,0.09183673469387756,0.2857142857142857,0.289,0.202,0.303,87.3,10.1,36.0
545341,Randal Grichuk,,33,293,9,0,0.228,0.273,0.401,0.674,17,61,0.17300000000000001,0.05802047781569966,0.20819112627986347,0.326,0.259,0.289,92.4,11.7,49.5
641598,Mitch Garver,,34,290,9,3,0.209,0.297,0.343,0.64,30,80,0.13400000000000004,0.10344827586206896,0.27586206896551724,0.298,0.209,0.284,91.5,7.9,46.9
660162,Yoán Moncada,,30,289,12,0,0.234,0.336,0.448,0.784,32,75,0.214,0.11072664359861592,0.25951557093425603,0.324,0.217,0.339,89.8,14.3,43.4
656976,Pavin Smith,,29,288,8,2,0.258,0.362,0.434,0.796,41,92,0.176,0.1423611111111111,0.3194444444444444,0.319,0.215,0.348,90.1,11.7,46.1
656180,Riley Adams,,29,286,8,1,0.186,0.252,0.308,0.56,18,110,0.122,0.06293706293706294,0.38461538461538464,0.275,0.208,0.25,91.8,10.5,52.3
695657,Colson Montgomery,,23,284,21,0,0.239,0.311,0.529,0.84,25,83,0.29000000000000004,0.0880281690140845,0.29225352112676056,0.341,0.23,0.355,89.4,14.5,44.5
647351,Abraham Toro,,28,284,7,2,0.239,0.289,0.371,0.66,14,42,0.132,0.04929577464788732,0.14788732394366197,0.302,0.253,0.286,86.3,4.5,34.2
680779,Henry Davis,,25,283,7,2,0.167,0.234,0.278,0.512,18,76,0.11100000000000002,0.0636042402826855,0.26855123674911663,0.293,0.213,0.229,88.6,11.5,37.4
553869,Elias Díaz,,34,283,9,0,0.204,0.27,0.337,0.607,21,74,0.13300000000000003,0.07420494699646643,0.26148409893992935,0.267,0.202,0.269,88.4,7.5,38.7
620443,Luis Torrens,,29,283,5,1,0.226,0.284,0.345,0.629,19,56,0.11899999999999997,0.06713780918727916,0.1978798586572438,0.338,0.274,0.278,90.6,10.7,48.1
519317,Giancarlo Stanton,,35,281,24,0,0.273,0.35,0.594,0.944,29,96,0.32099999999999995,0.10320284697508897,0.3416370106761566,0.354,0.235,0.395,94.4,22.1,55.2
682626,Francisco Alvarez,,23,277,11,0,0.256,0.339,0.447,0.786,27,73,0.191,0.09747292418772563,0.26353790613718414,0.326,0.229,0.343,93.1,12.1,54.3
686681,Michael Massey,,27,277,3,2,0.244,0.268,0.313,0.581,9,43,0.069,0.032490974729241874,0.1552346570397112,0.265,0.238,0.254,87.5,4.0,33.0
691781,Brady House,,22,274,4,5,0.234,0.252,0.322,0.574,8,78,0.088,0.029197080291970802,0.2846715328467153,0.284,0.256,0.248,89.8,4.3,46.3
662139,Daulton Varsho,,28,271,20,2,0.238,0.284,0.548,0.832,17,77,0.31000000000000005,0.06273062730627306,0.28413284132841327,0.327,0.226,0.345,89.9,15.9,40.3
642201,Eli White,,31,271,10,10,0.234,0.27,0.406,0.676,11,70,0.17200000000000001,0.04059040590405904,0.25830258302583026,0.31,0.251,0.29,87.7,9.0,40.4
686527,Dominic Canzone,,27,269,11,3,0.3,0.358,0.481,0.839,20,59,0.181,0.07434944237918216,0.21933085501858737,0.376,0.29,0.361,92.3,14.4,49.7
660688,Keibert Ruiz,,26,267,2,0,0.247,0.277,0.318,0.595,8,26,0.07100000000000001,0.0299625468164794,0.09737827715355805,0.287,0.271,0.262,86.2,2.2,30.9
677942,Blaze Alexander,,26,266,7,4,0.23,0.323,0.383,0.706,22,86,0.153,0.08270676691729323,0.3233082706766917,0.305,0.211,0.313,90.2,12.8,43.2
672724,Oswald Peraza,,25,265,5,9,0.164,0.223,0.25,0.473,17,80,0.086,0.06415094339622641,0.3018867924528302,0.248,0.194,0.214,87.1,6.7,38.8
678554,Curtis Mead,,24,264,3,5,0.233,0.299,0.321,0.62,15,63,0.088,0.056818181818181816,0.23863636363636365,0.289,0.232,0.278,87.5,4.5,34.8
692225,Kristian Campbell,,23,263,6,2,0.223,0.319,0.345,0.664,29,72,0.12199999999999997,0.11026615969581749,0.2737642585551331,0.296,0.221,0.299,88.6,5.1,41.8
624641,Edmundo Sosa,,29,261,11,1,0.276,0.307,0.469,0.776,10,56,0.19299999999999995,0.038314176245210725,0.21455938697318008,0.29,0.245,0.332,87.7,6.3,38.0
702284,Cole Young,,21,257,4,1,0.211,0.302,0.305,0.607,28,47,0.094,0.10894941634241245,0.1828793774319066,0.297,0.224,0.274,87.6,5.6,31.1
571771,Enrique Hernández,,33,256,10,0,0.203,0.255,0.366,0.621,18,68,0.16299999999999998,0.0703125,0.265625,0.287,0.221,0.268,90.3,9.4,37.6
666181,Will Benson,,27,253,12,2,0.226,0.273,0.435,0.708,16,67,0.209,0.06324110671936758,0.2648221343873518,0.342,0.257,0.298,92.4,15.4,53.8
666149,Tyler Fitzgerald,,27,243,4,9,0.217,0.278,0.327,0.605,17,70,0.11000000000000001,0.06995884773662552,0.2880658436213992,0.242,0.192,0.269,84.5,4.5,27.9
664238,Dylan Moore,,32,243,11,14,0.201,0.267,0.374,0.641,20,82,0.173,0.0823045267489712,0.3374485596707819,0.262,0.191,0.28,84.8,8.6,34.3
663743,Nick Fortes,,28,242,5,1,0.229,0.296,0.349,0.645,14,47,0.11999999999999997,0.05785123966942149,0.19421487603305784,0.27,0.215,0.286,87.5,4.6,37.9
664774,LaMonte Wade Jr.,,31,242,2,1,0.167,0.271,0.254,0.525,27,58,0.087,0.1115702479338843,0.2396694214876033,0.281,0.205,0.241,89.7,4.5,31.8
666185,Dylan Carlson,,26,241,6,3,0.203,0.278,0.336,0.614,21,54,0.133,0.08713692946058091,0.22406639004149378,0.285,0.214,0.273,88.4,6.7,30.5
672744,Alexander Canario,,25,234,6,3,0.218,0.274,0.338,0.612,17,80,0.12000000000000002,0.07264957264957266,0.3418803418803419,0.295,0.219,0.27,87.4,12.4,43.8
805300,Jakob Marsee,,24,234,5,14,0.292,0.363,0.478,0.841,22,48,0.186,0.09401709401709402,0.20512820512820512,0.347,0.275,0.363,88.9,8.0,41.4
695506,Jac Caglianone,,22,232,7,1,0.157,0.237,0.295,0.532,18,52,0.13799999999999998,0.07758620689655173,0.22413793103448276,0.321,0.237,0.239,89.4,12.0,42.4
518595,Travis d'Arnaud,,36,231,6,0,0.197,0.255,0.343,0.598,13,74,0.14600000000000002,0.05627705627705628,0.3203463203463203,0.271,0.194,0.263,88.2,11.4,37.9
676914,Davis Schneider,,26,227,11,3,0.234,0.361,0.436,0.797,36,60,0.20199999999999999,0.15859030837004406,0.2643171806167401,0.323,0.188,0.351,90.8,14.0,41.1
642086,Dominic Smith,,30,225,5,2,0.284,0.333,0.417,0.75,15,42,0.133,0.06666666666666667,0.18666666666666668,0.306,0.252,0.325,87.7,4.2,35.5
694374,Tim Tawa,,26,225,7,8,0.201,0.274,0.347,0.621,20,64,0.14599999999999996,0.08888888888888889,0.28444444444444444,0.29,0.206,0.273,89.2,9.3,42.1
664983,Jake McCarthy,,27,222,4,6,0.204,0.247,0.345,0.592,10,40,0.141,0.04504504504504504,0.18018018018018017,0.286,0.239,0.256,84.7,5.3,27.6
623993,Anthony Santander,,30,221,6,0,0.175,0.271,0.294,0.565,25,61,0.119,0.11312217194570136,0.27601809954751133,0.265,0.188,0.255,89.6,4.5,41.0
694497,Evan Carter,,22,220,5,14,0.247,0.336,0.392,0.728,19,41,0.14500000000000002,0.08636363636363636,0.18636363636363637,0.312,0.246,0.321,86.7,5.9,34.6
691777,Max Muncy,,22,220,9,1,0.214,0.259,0.379,0.638,10,68,0.165,0.045454545454545456,0.3090909090909091,0.267,0.203,0.277,87.1,10.1,32.4
677649,Ezequiel Duran,,26,219,0,11,0.224,0.266,0.293,0.559,8,55,0.06899999999999998,0.0365296803652968,0.2511415525114155,0.247,0.214,0.249,85.3,2.6,30.9
670042,Luke Raley,,30,219,4,2,0.202,0.319,0.311,0.63,19,64,0.10899999999999999,0.0867579908675799,0.2922374429223744,0.312,0.209,0.291,89.5,10.6,42.3
671221,Drew Waters,,26,219,1,5,0.243,0.288,0.316,0.604,11,60,0.07300000000000001,0.0502283105022831,0.273972602739726,0.265,0.232,0.268,86.0,4.1,28.8
641343,Jake Bauers,,29,218,7,8,0.235,0.353,0.399,0.752,32,59,0.16400000000000003,0.14678899082568808,0.2706422018348624,0.356,0.237,0.333,91.7,13.6,45.6
805249,Otto Kemp,,25,218,8,2,0.234,0.298,0.411,0.709,12,67,0.17699999999999996,0.05504587155963303,0.3073394495412844,0.31,0.231,0.308,89.9,12.1,44.7
641584,Jake Fraley,,30,217,6,4,0.241,0.332,0.382,0.714,25,49,0.14100000000000001,0.1152073732718894,0.22580645161290322,0.315,0.248,0.316,85.2,4.9,34.5
670224,Kameron Misner,,27,217,5,8,0.213,0.273,0.345,0.618,16,69,0.13199999999999998,0.07373271889400922,0.31797235023041476,0.247,0.191,0.272,87.6,5.3,29.8
606115,Orlando Arcia,,30,214,3,0,0.202,0.238,0.291,0.529,10,47,0.08899999999999997,0.04672897196261682,0.21962616822429906,0.24,0.212,0.233,87.4,2.5,33.8
543877,Christian Vázquez,,34,214,3,1,0.189,0.271,0.274,0.545,18,35,0.08500000000000002,0.08411214953271028,0.16355140186915887,0.271,0.21,0.248,85.9,3.8,27.4
678009,Parker Meadows,,25,213,4,4,0.215,0.291,0.33,0.621,21,56,0.11500000000000002,0.09859154929577464,0.26291079812206575,0.291,0.225,0.277,86.9,5.1,30.9
680474,Max Schuemann,,28,213,2,7,0.197,0.295,0.273,0.568,22,35,0.07600000000000001,0.10328638497652583,0.1643192488262911,0.297,0.23,0.262,87.3,2.6,32.9
657077,Alex Verdugo,,29,213,0,1,0.239,0.296,0.289,0.585,14,31,0.04999999999999999,0.06572769953051644,0.14553990610328638,0.306,0.266,0.264,89.9,3.0,42.8
668942,Josh Rojas,,31,211,2,4,0.18,0.252,0.259,0.511,19,48,0.07900000000000001,0.09004739336492891,0.22748815165876776,0.263,0.209,0.232,89.6,3.5,36.8
641933,Tyler O'Neill,,30,209,9,4,0.199,0.292,0.392,0.684,22,51,0.193,0.10526315789473684,0.24401913875598086,0.36,0.243,0.297,88.8,16.5,39.1
608701,Rob Refsnyder,,34,209,9,3,0.269,0.354,0.484,0.838,24,54,0.21499999999999997,0.11483253588516747,0.2583732057416268,0.338,0.243,0.359,92.0,12.3,52.3
805373,Nacho Alvarez Jr.,,22,208,2,0,0.234,0.296,0.33,0.626,12,49,0.096,0.057692307692307696,0.23557692307692307,0.27,0.228,0.279,84.9,1.4,26.8
657557,Paul DeJong,,31,208,6,4,0.228,0.269,0.373,0.642,11,70,0.145,0.052884615384615384,0.33653846153846156,0.259,0.194,0.278,88.1,10.3,39.7
666397,Edouard Julien,,26,208,3,0,0.22,0.309,0.324,0.633,22,61,0.10400000000000001,0.10576923076923077,0.2932692307692308,0.329,0.242,0.286,89.2,12.2,42.3
807712,Luke Keaschall,,22,207,4,14,0.302,0.382,0.445,0.827,19,29,0.14300000000000002,0.09178743961352658,0.14009661835748793,0.324,0.263,0.363,86.2,5.2,31.2
690022,Ryan Ritter,,24,207,1,3,0.241,0.296,0.337,0.633,10,61,0.09600000000000003,0.04830917874396135,0.2946859903381642,0.248,0.211,0.28,85.2,1.5,30.5
690987,Robert Hassell III,,23,206,3,4,0.223,0.257,0.315,0.572,8,62,0.092,0.038834951456310676,0.30097087378640774,0.273,0.226,0.252,88.6,8.1,40.7
807799,Masataka Yoshida,,31,205,4,3,0.266,0.307,0.388,0.695,10,24,0.122,0.04878048780487805,0.11707317073170732,0.314,0.27,0.302,90.2,6.5,44.0
645444,Jose Herrera,,28,204,2,0,0.187,0.285,0.259,0.544,23,47,0.07200000000000001,0.11274509803921569,0.23039215686274508,0.237,0.169,0.251,83.9,0.8,22.6
670541,Yordan Alvarez,,28,199,6,1,0.273,0.367,0.43,0.797,28,33,0.15699999999999997,0.1407035175879397,0.1658291457286432,0.393,0.284,0.338,94.7,13.8,52.9
687231,Darell Hernaiz,,23,197,2,3,0.231,0.292,0.306,0.598,17,24,0.07499999999999998,0.08629441624365482,0.1218274111675127,0.305,0.255,0.266,85.0,3.2,30.1
570482,Gio Urshela,,33,197,0,0,0.238,0.287,0.326,0.613,13,40,0.08800000000000002,0.06598984771573604,0.20304568527918782,0.286,0.251,0.271,86.9,2.1,34.0
666152,David Hamilton,,27,194,6,22,0.198,0.257,0.333,0.59,13,47,0.135,0.06701030927835051,0.2422680412371134,0.26,0.209,0.26,86.6,6.0,27.8
682668,Luisangel Acuña,,23,193,0,16,0.234,0.293,0.274,0.567,13,37,0.04000000000000001,0.06735751295336788,0.19170984455958548,0.271,0.235,0.258,87.9,1.4,35.5
628451,Andy Ibáñez,,32,193,4,4,0.239,0.301,0.352,0.653,12,26,0.11299999999999999,0.06217616580310881,0.13471502590673576,0.304,0.254,0.289,88.9,4.6,36.4
673490,Ha-Seong Kim,,29,191,5,6,0.234,0.304,0.345,0.649,16,39,0.11099999999999996,0.08376963350785341,0.20418848167539266,0.297,0.242,0.288,89.7,5.2,43.3
683766,Christian Koss,,27,191,3,4,0.264,0.309,0.368,0.677,9,45,0.10399999999999998,0.04712041884816754,0.2356020942408377,0.311,0.263,0.297,86.9,6.0,33.6
642708,Amed Rosario,,29,191,6,1,0.276,0.309,0.436,0.745,7,31,0.15999999999999998,0.03664921465968586,0.16230366492146597,0.331,0.288,0.321,91.2,6.0,45.0
457759,Justin Turner,,40,191,3,2,0.219,0.288,0.314,0.602,17,37,0.095,0.08900523560209424,0.193717277486911,0.297,0.237,0.268,88.3,3.7,30.9
642136,Matt Thaiss,,30,190,1,1,0.218,0.349,0.288,0.637,29,46,0.06999999999999998,0.15263157894736842,0.24210526315789474,0.294,0.197,0.298,88.9,4.5,42.9
679845,Nick Loftin,,26,188,4,1,0.208,0.278,0.357,0.635,14,27,0.149,0.07446808510638298,0.14361702127659576,0.294,0.232,0.279,88.2,6.3,34.0
657136,Connor Wong,,29,188,0,2,0.19,0.262,0.238,0.5,16,42,0.04799999999999999,0.0851063829787234,0.22340425531914893,0.266,0.221,0.23,85.5,3.1,31.0
682641,Luis Matos,,23,184,8,4,0.221,0.266,0.424,0.69,11,27,0.20299999999999999,0.059782608695652176,0.14673913043478262,0.274,0.219,0.296,88.0,7.5,37.7
677595,Ronny Mauricio,,24,184,6,4,0.226,0.293,0.369,0.662,15,54,0.143,0.08152173913043478,0.29347826086956524,0.286,0.218,0.29,91.2,8.8,43.0
695681,Christian Moore,,22,184,7,3,0.198,0.284,0.37,0.654,19,62,0.172,0.10326086956521739,0.33695652173913043,0.282,0.203,0.288,88.9,6.9,36.3
688363,Graham Pauley,,24,184,4,2,0.224,0.311,0.366,0.677,21,36,0.142,0.11413043478260869,0.1956521739130435,0.299,0.223,0.3,86.6,5.5,35.4
669236,Jeremiah Jackson,,25,183,5,0,0.276,0.328,0.447,0.775,11,50,0.17099999999999999,0.060109289617486336,0.273224043715847,0.295,0.226,0.336,90.6,7.5,46.7
664059,Sam Haggerty,,31,182,2,12,0.253,0.328,0.37,0.698,16,37,0.11699999999999999,0.08791208791208792,0.2032967032967033,0.304,0.249,0.307,88.3,2.4,42.1
668885,Austin Martin,,26,181,1,11,0.282,0.374,0.365,0.739,22,31,0.08300000000000002,0.12154696132596685,0.1712707182320442,0.345,0.279,0.333,86.2,5.5,38.6
595978,Austin Hedges,,32,180,5,1,0.161,0.25,0.277,0.527,18,43,0.11600000000000002,0.1,0.2388888888888889,0.249,0.177,0.239,88.2,3.4,32.2
665750,Leody Taveras,,26,180,3,9,0.205,0.226,0.304,0.53,5,50,0.099,0.027777777777777776,0.2777777777777778,0.232,0.198,0.23,88.5,6.4,35.2
456781,Donovan Solano,,37,179,3,0,0.247,0.291,0.337,0.628,8,40,0.09000000000000002,0.0446927374301676,0.22346368715083798,0.259,0.223,0.277,87.4,3.9,37.5
669261,Jack Suwinski,,26,178,3,7,0.147,0.281,0.253,0.534,24,57,0.10600000000000001,0.1348314606741573,0.3202247191011236,0.31,0.195,0.25,88.8,11.8,38.7
696030,Alejandro Osuna,,22,176,2,5,0.212,0.313,0.278,0.591,21,34,0.06600000000000003,0.11931818181818182,0.19318181818181818,0.338,0.271,0.27,88.9,5.9,37.0
670156,Miles Mastrobuoni,,29,175,1,6,0.25,0.324,0.296,0.62,17,29,0.045999999999999985,0.09714285714285714,0.1657142857142857,0.322,0.28,0.282,88.0,2.3,36.4
670231,John Rave,,27,175,4,7,0.196,0.283,0.307,0.59,18,46,0.11099999999999999,0.10285714285714286,0.26285714285714284,0.302,0.228,0.267,88.3,5.5,40.0
623168,Tyler Heineman,,34,174,3,2,0.289,0.361,0.416,0.777,12,31,0.127,0.06896551724137931,0.1781609195402299,0.273,0.215,0.341,84.4,3.2,22.4
679032,Johan Rojas,,24,172,1,12,0.224,0.28,0.289,0.569,13,40,0.06499999999999997,0.0755813953488372,0.23255813953488372,0.265,0.227,0.254,87.9,3.4,35.3
663368,Blake Perkins,,28,171,3,7,0.226,0.298,0.348,0.646,15,47,0.12199999999999997,0.08771929824561403,0.27485380116959063,0.279,0.223,0.287,89.6,3.7,34.3
808975,Hyeseong Kim,,26,170,3,13,0.28,0.314,0.385,0.699,7,52,0.10499999999999998,0.041176470588235294,0.3058823529411765,0.251,0.221,0.306,86.0,2.7,28.2
677588,José Tena,,24,169,0,3,0.243,0.314,0.355,0.669,15,37,0.11199999999999999,0.08875739644970414,0.21893491124260356,0.302,0.243,0.296,89.2,5.2,40.5
650968,Yohel Pozo,,28,168,5,0,0.231,0.262,0.375,0.637,7,22,0.144,0.041666666666666664,0.13095238095238096,0.276,0.246,0.275,87.7,2.2,35.3
677008,Heston Kjerstad,,26,167,4,1,0.192,0.24,0.327,0.567,6,45,0.135,0.03592814371257485,0.2694610778443114,0.29,0.231,0.248,88.8,8.0,41.1
642731,Thairo Estrada,,29,165,3,1,0.253,0.285,0.37,0.655,6,26,0.11699999999999999,0.03636363636363636,0.15757575757575756,0.264,0.233,0.284,86.3,3.1,30.5
455117,Martín Maldonado,,38,161,4,0,0.204,0.245,0.327,0.572,8,57,0.12300000000000003,0.049689440993788817,0.35403726708074534,0.251,0.192,0.251,86.0,9.4,28.1
596103,Austin Slater,,32,160,5,1,0.216,0.27,0.372,0.642,11,51,0.156,0.06875,0.31875,0.332,0.247,0.28,92.0,14.3,48.0
672016,Denzel Clarke,,25,159,3,6,0.23,0.274,0.372,0.646,6,61,0.142,0.03773584905660377,0.3836477987421384,0.254,0.204,0.281,90.0,6.7,42.7
681807,David Fry,,29,157,8,1,0.171,0.229,0.363,0.592,9,58,0.19199999999999998,0.05732484076433121,0.36942675159235666,0.204,0.137,0.258,88.7,9.1,39.8
691720,Kyle Karros,,22,156,1,0,0.226,0.308,0.277,0.585,15,41,0.05100000000000002,0.09615384615384616,0.26282051282051283,0.261,0.21,0.268,87.9,1.0,33.7
687221,Dalton Rushing,,24,155,4,0,0.204,0.258,0.324,0.582,10,58,0.12000000000000002,0.06451612903225806,0.3741935483870968,0.283,0.203,0.256,90.8,14.0,45.3
678877,Jhonkensy Noel,,23,153,6,0,0.162,0.183,0.297,0.48,4,52,0.13499999999999998,0.026143790849673203,0.33986928104575165,0.202,0.161,0.207,90.3,6.2,41.2
702176,Alan Roden,,25,153,2,1,0.191,0.261,0.294,0.555,8,37,0.10299999999999998,0.05228758169934641,0.24183006535947713,0.227,0.176,0.249,86.4,2.0,30.4
663330,Jahmai Jones,,27,150,7,2,0.287,0.387,0.55,0.937,18,32,0.26300000000000007,0.12,0.21333333333333335,0.399,0.291,0.399,91.5,13.4,53.6
669326,Bryce Teodosio,,26,150,1,7,0.203,0.248,0.304,0.552,5,47,0.10099999999999998,0.03333333333333333,0.31333333333333335,0.222,0.185,0.243,84.3,4.3,26.6
656537,Derek Hill,,29,149,3,7,0.216,0.281,0.328,0.609,9,48,0.11200000000000002,0.06040268456375839,0.3221476510067114,0.309,0.232,0.272,91.2,11.2,49.4
695238,Will Wagner,,26,149,0,1,0.225,0.324,0.279,0.603,17,28,0.05400000000000002,0.11409395973154363,0.18791946308724833,0.318,0.266,0.28,86.8,2.0,41.2
663604,Brandon Lockridge,,28,148,0,10,0.231,0.276,0.299,0.575,8,36,0.06799999999999998,0.05405405405405406,0.24324324324324326,0.267,0.233,0.254,87.1,2.9,32.0
681546,James Outman,,28,148,6,1,0.134,0.216,0.321,0.537,12,63,0.187,0.08108108108108109,0.42567567567567566,0.265,0.158,0.237,88.0,16.9,39.4
692585,Yanquiel Fernández,,22,147,4,0,0.225,0.265,0.348,0.613,8,44,0.12299999999999997,0.05442176870748299,0.29931972789115646,0.243,0.19,0.268,88.6,8.4,36.8
682653,Warming Bernabel,,23,146,4,1,0.252,0.288,0.41,0.698,7,25,0.15799999999999997,0.04794520547945205,0.17123287671232876,0.273,0.247,0.301,85.4,2.6,32.5
641943,Joshua Palacios,,29,145,3,0,0.203,0.292,0.305,0.597,12,36,0.10199999999999998,0.08275862068965517,0.2482758620689655,0.299,0.222,0.271,88.3,8.6,39.8
518934,DJ LeMahieu,,36,142,2,0,0.266,0.338,0.336,0.674,14,35,0.07,0.09859154929577464,0.24647887323943662,0.295,0.245,0.304,91.7,4.3,51.6
668670,Jake Rogers,,30,142,3,0,0.187,0.277,0.333,0.61,15,39,0.14600000000000002,0.1056338028169014,0.2746478873239437,0.274,0.194,0.27,89.5,9.2,40.2
657041,Lane Thomas,,29,142,4,4,0.16,0.246,0.272,0.518,14,44,0.11200000000000002,0.09859154929577464,0.30985915492957744,0.243,0.168,0.235,87.8,4.8,31.3
624512,Reese McGuire,,30,140,9,0,0.226,0.245,0.444,0.689,4,27,0.218,0.02857142857142857,0.19285714285714287,0.254,0.208,0.29,85.1,9.2,36.7
677347,Kyren Paris,,23,140,6,7,0.19,0.266,0.381,0.647,10,59,0.191,0.07142857142857142,0.42142857142857143,0.265,0.173,0.283,88.9,16.4,47.8
692216,CJ Kayfus,,23,138,4,4,0.22,0.292,0.415,0.707,11,38,0.19499999999999998,0.07971014492753623,0.2753623188405797,0.322,0.242,0.306,88.7,9.2,36.8
687637,Dylan Beavers,,23,137,4,2,0.227,0.375,0.4,0.775,26,36,0.17300000000000001,0.1897810218978102,0.26277372262773724,0.344,0.213,0.347,88.8,9.3,28.0
687952,Christian Encarnacion-Strand,,25,137,6,0,0.208,0.234,0.377,0.611,3,32,0.169,0.021897810218978103,0.23357664233576642,0.275,0.207,0.261,87.9,9.0,44.0
543510,James McCann,,35,137,5,0,0.26,0.324,0.431,0.755,8,33,0.17099999999999999,0.058394160583941604,0.24087591240875914,0.313,0.239,0.328,92.3,7.6,52.2
691785,Marcelo Mayer,,22,136,4,0,0.228,0.272,0.402,0.674,8,41,0.17400000000000002,0.058823529411764705,0.3014705882352941,0.263,0.21,0.29,90.0,9.2,51.7
655316,Andruw Monasterio,,28,135,4,2,0.27,0.319,0.437,0.756,7,32,0.16699999999999998,0.05185185185185185,0.23703703703703705,0.28,0.224,0.328,87.0,5.3,35.1
666211,Taylor Trammell,,27,135,3,3,0.197,0.296,0.333,0.629,17,41,0.136,0.1259259259259259,0.3037037037037037,0.271,0.187,0.282,91.0,7.8,40.3
670223,Matt Mervis,,27,134,7,0,0.175,0.254,0.383,0.637,11,50,0.20800000000000002,0.08208955223880597,0.373134328358209,0.223,0.145,0.274,88.3,8.5,38.0
687515,Colby Thomas,,24,132,6,2,0.225,0.267,0.417,0.684,7,49,0.19199999999999998,0.05303030303030303,0.3712121212121212,0.281,0.206,0.291,92.2,13.3,49.3
680728,Adrian Del Castillo,,25,131,4,0,0.242,0.29,0.392,0.682,8,47,0.15000000000000002,0.061068702290076333,0.35877862595419846,0.269,0.206,0.295,89.9,6.7,49.3
607732,Jacob Stallings,,35,129,0,0,0.134,0.195,0.168,0.363,6,40,0.034,0.046511627906976744,0.31007751937984496,0.211,0.17,0.171,85.0,1.3,26.3
691182,Adael Amador,,22,128,1,1,0.177,0.256,0.265,0.521,11,27,0.08800000000000002,0.0859375,0.2109375,0.269,0.218,0.238,84.8,3.4,24.7
663898,Brendan Rodgers,,28,128,2,0,0.191,0.266,0.278,0.544,11,46,0.08700000000000002,0.0859375,0.359375,0.296,0.213,0.246,90.5,14.3,48.6
666163,Ben Rortvedt,,27,128,1,0,0.152,0.24,0.205,0.445,11,23,0.05299999999999999,0.0859375,0.1796875,0.24,0.185,0.211,81.2,3.3,19.6
669234,Justyn-Henry Malloy,,25,127,1,0,0.221,0.346,0.308,0.654,20,32,0.087,0.15748031496062992,0.25196850393700787,0.295,0.201,0.301,86.9,4.1,31.1
656896,Emmanuel Rivera,,29,127,0,1,0.25,0.291,0.283,0.574,6,24,0.032999999999999974,0.047244094488188976,0.1889763779527559,0.267,0.246,0.258,86.7,1.0,32.3
642180,Tyler Wade,,30,127,0,1,0.206,0.309,0.252,0.561,15,31,0.04600000000000001,0.11811023622047244,0.2440944881889764,0.247,0.185,0.262,82.6,0.0,15.0
681146,Jonah Bride,,29,125,0,0,0.17,0.248,0.188,0.436,11,39,0.017999999999999988,0.088,0.312,0.223,0.176,0.203,87.3,2.7,28.4
592192,Mark Canha,,36,125,1,0,0.212,0.272,0.265,0.537,7,24,0.05300000000000002,0.056,0.192,0.268,0.214,0.244,86.6,2.2,33.0
621035,Chris Taylor,,34,125,2,2,0.186,0.256,0.301,0.557,5,42,0.11499999999999999,0.04,0.336,0.27,0.205,0.25,85.9,6.9,36.1
642215,Weston Wilson,,30,125,5,2,0.198,0.282,0.369,0.651,12,34,0.17099999999999999,0.096,0.272,0.33,0.251,0.288,89.4,10.3,41.0
665828,Oswaldo Cabrera,,26,122,1,0,0.243,0.322,0.308,0.63,11,25,0.065,0.09016393442622951,0.20491803278688525,0.284,0.244,0.286,89.1,0.0,34.5
683227,Cody Freeman,,24,121,3,1,0.228,0.258,0.342,0.6,5,19,0.11400000000000002,0.04132231404958678,0.15702479338842976,0.269,0.244,0.261,84.9,4.1,25.8
687859,Troy Johnston,,28,121,4,2,0.277,0.331,0.42,0.751,8,26,0.14299999999999996,0.06611570247933884,0.21487603305785125,0.341,0.274,0.328,89.6,9.3,40.7
545121,Ildemaro Vargas,,33,121,3,0,0.27,0.292,0.383,0.675,2,15,0.11299999999999999,0.01652892561983471,0.12396694214876033,0.287,0.262,0.292,89.2,3.9,37.3
690924,Braxton Fulford,,26,120,1,1,0.213,0.267,0.324,0.591,7,36,0.11100000000000002,0.058333333333333334,0.3,0.262,0.198,0.258,87.3,5.3,38.7
694212,Samuel Basallo,,20,118,4,0,0.165,0.229,0.33,0.559,6,30,0.165,0.05084745762711865,0.2542372881355932,0.286,0.216,0.246,89.1,8.9,43.0
665561,Rafael Marchán,,26,118,2,0,0.21,0.282,0.305,0.587,10,17,0.095,0.0847457627118644,0.1440677966101695,0.261,0.213,0.264,85.6,2.2,22.2
682988,Tyler Locklear,,24,116,3,3,0.175,0.267,0.262,0.529,10,43,0.08700000000000002,0.08620689655172414,0.3706896551724138,0.252,0.172,0.245,87.9,6.7,41.7
676801,Chas McCormick,,30,116,1,2,0.21,0.279,0.29,0.569,9,31,0.07999999999999999,0.07758620689655173,0.2672413793103448,0.299,0.228,0.257,85.8,5.3,29.3
621028,Kevin Newman,,31,116,2,1,0.202,0.209,0.272,0.481,1,23,0.07,0.008620689655172414,0.19827586206896552,0.218,0.211,0.209,86.6,2.2,29.3
645302,Victor Robles,,28,114,1,6,0.245,0.281,0.33,0.611,3,26,0.08500000000000002,0.02631578947368421,0.22807017543859648,0.237,0.203,0.268,85.4,4.9,23.2
671213,Triston Casas,,25,112,3,0,0.182,0.277,0.303,0.58,11,27,0.121,0.09821428571428571,0.24107142857142858,0.304,0.212,0.256,87.6,9.7,44.4
682729,Jonatan Clase,,23,112,2,3,0.21,0.288,0.3,0.588,10,28,0.09,0.08928571428571429,0.25,0.284,0.217,0.267,86.0,6.8,35.6
680862,Willie MacIver,,28,111,3,3,0.186,0.252,0.324,0.576,7,27,0.138,0.06306306306306306,0.24324324324324326,0.256,0.2,0.256,88.8,4.0,37.3
605361,Nick Martini,,35,111,1,0,0.225,0.288,0.294,0.582,9,18,0.06899999999999998,0.08108108108108109,0.16216216216216217,0.253,0.215,0.259,85.7,3.6,31.0
660844,Leo Rivas,,27,111,2,6,0.244,0.387,0.333,0.72,20,24,0.08900000000000002,0.18018018018018017,0.21621621621621623,0.288,0.183,0.333,86.3,3.0,19.7
681508,Mickey Gasper,,29,110,2,2,0.158,0.257,0.232,0.489,10,20,0.07400000000000001,0.09090909090909091,0.18181818181818182,0.236,0.167,0.229,87.8,1.3,31.2
680737,Michael Helman,,29,110,5,4,0.232,0.29,0.455,0.745,7,21,0.223,0.06363636363636363,0.19090909090909092,0.25,0.179,0.319,82.7,8.6,24.7
642851,Austin Wynns,,34,110,6,0,0.291,0.321,0.544,0.865,5,32,0.25300000000000006,0.045454545454545456,0.2909090909090909,0.295,0.233,0.365,88.6,9.6,46.6
701305,Zach Dezenzo,,25,109,2,1,0.245,0.321,0.367,0.688,11,37,0.122,0.10091743119266056,0.3394495412844037,0.316,0.225,0.306,89.3,16.4,41.0
687551,Drew Gilbert,,24,109,3,1,0.19,0.248,0.35,0.598,7,20,0.15999999999999998,0.06422018348623854,0.1834862385321101,0.27,0.214,0.26,86.6,4.9,35.8
592669,Hunter Renfroe,,33,108,0,0,0.182,0.241,0.242,0.483,8,21,0.06,0.07407407407407407,0.19444444444444445,0.257,0.193,0.219,88.5,6.3,35.4
542932,Jon Berti,,35,107,0,11,0.21,0.262,0.23,0.492,5,22,0.020000000000000018,0.04672897196261682,0.205607476635514,0.28,0.253,0.226,87.5,2.6,37.2
700246,Carson Williams,,22,106,5,2,0.172,0.219,0.354,0.573,6,44,0.182,0.05660377358490566,0.41509433962264153,0.233,0.169,0.248,85.9,8.9,35.7
681962,Vinny Capra,,28,105,1,2,0.125,0.157,0.177,0.334,3,25,0.05199999999999999,0.02857142857142857,0.23809523809523808,0.211,0.178,0.15,85.9,2.6,32.9
676439,Hunter Feduccia,,28,105,0,1,0.148,0.267,0.205,0.472,15,29,0.056999999999999995,0.14285714285714285,0.2761904761904762,0.275,0.188,0.226,87.6,8.2,32.8
669450,Cooper Hummel,,30,105,3,1,0.17,0.298,0.273,0.571,14,31,0.10300000000000001,0.13333333333333333,0.29523809523809524,0.313,0.196,0.268,92.0,12.1,37.9
694388,Joey Loperfido,,26,104,4,1,0.333,0.379,0.5,0.879,4,27,0.16699999999999998,0.038461538461538464,0.25961538461538464,0.316,0.266,0.381,87.3,5.7,37.1
686765,Nick Sogard,,27,104,0,2,0.26,0.317,0.344,0.661,5,24,0.08399999999999996,0.04807692307692308,0.23076923076923078,0.302,0.251,0.295,86.0,5.6,34.7
665804,Miguel Amaya,,26,103,4,0,0.281,0.314,0.5,0.814,4,22,0.21899999999999997,0.038834951456310676,0.21359223300970873,0.295,0.244,0.346,86.4,6.6,32.9
665839,Enmanuel Valdez,,26,102,2,0,0.209,0.294,0.363,0.657,11,16,0.154,0.10784313725490197,0.1568627450980392,0.327,0.254,0.29,89.8,8.0,42.7
680869,Zack Gelof,,25,101,2,1,0.174,0.23,0.272,0.502,7,46,0.09800000000000003,0.06930693069306931,0.45544554455445546,0.219,0.143,0.224,88.1,12.5,47.9
596142,Gary Sánchez,,32,101,5,0,0.231,0.297,0.418,0.715,4,27,0.18699999999999997,0.039603960396039604,0.26732673267326734,0.315,0.24,0.311,93.3,10.8,57.8
656577,Alex Jackson,,29,100,5,0,0.22,0.29,0.473,0.763,5,37,0.253,0.05,0.37,0.27,0.178,0.327,88.3,14.8,40.7
663837,Matt Vierling,,28,100,1,2,0.239,0.31,0.307,0.617,7,24,0.068,0.07,0.24,0.338,0.25,0.278,92.2,12.1,45.5
666126,Carlos Cortes,,28,99,4,0,0.309,0.323,0.543,0.866,3,20,0.23400000000000004,0.030303030303030304,0.20202020202020202,0.316,0.27,0.363,89.8,9.2,44.7
641555,J.C. Escarra,,30,98,2,1,0.202,0.296,0.333,0.629,11,14,0.131,0.11224489795918367,0.14285714285714285,0.3,0.233,0.28,90.8,5.6,43.1
690976,Alex Freeland,,23,97,2,1,0.19,0.292,0.31,0.602,11,35,0.12,0.1134020618556701,0.36082474226804123,0.258,0.168,0.273,90.7,8.0,38.0
660644,Vidal Bruján,,27,95,0,2,0.253,0.305,0.31,0.615,6,21,0.056999999999999995,0.06315789473684211,0.22105263157894736,0.266,0.224,0.275,88.2,0.0,37.3
518792,Jason Heyward,,35,95,2,0,0.176,0.223,0.271,0.494,6,20,0.09500000000000003,0.06315789473684211,0.21052631578947367,0.245,0.201,0.217,85.1,4.4,33.8
683083,Nasim Nuñez,,24,92,4,9,0.232,0.297,0.402,0.699,8,20,0.17,0.08695652173913043,0.21739130434782608,0.296,0.239,0.304,88.6,4.7,42.2
600869,Jeimer Candelario,,31,91,2,0,0.113,0.198,0.213,0.411,9,29,0.09999999999999999,0.0989010989010989,0.31868131868131866,0.213,0.126,0.189,87.3,7.5,28.3
641658,Garrett Hampson,,30,91,0,3,0.143,0.25,0.169,0.419,11,29,0.026000000000000023,0.12087912087912088,0.31868131868131866,0.217,0.15,0.205,84.3,2.0,19.6
669717,Will Wilson,,26,91,0,2,0.192,0.267,0.244,0.511,7,34,0.05199999999999999,0.07692307692307693,0.37362637362637363,0.219,0.154,0.236,87.6,2.0,36.7
641313,Tim Anderson,,32,90,0,1,0.205,0.258,0.241,0.499,3,29,0.036000000000000004,0.03333333333333333,0.32222222222222224,0.219,0.183,0.229,88.6,0.0,36.4
681987,Nate Eaton,,28,90,1,9,0.296,0.348,0.383,0.731,6,19,0.08700000000000002,0.06666666666666667,0.2111111111111111,0.293,0.243,0.322,88.8,6.3,37.5
680577,DaShawn Keirsey Jr.,,28,88,2,10,0.107,0.138,0.179,0.317,2,33,0.072,0.022727272727272728,0.375,0.173,0.144,0.142,87.5,5.8,34.6
668800,Andrew Knizner,,30,88,1,0,0.221,0.299,0.299,0.598,7,10,0.07799999999999999,0.07954545454545454,0.11363636363636363,0.278,0.226,0.27,84.2,1.4,23.2
678894,Liover Peguero,,24,88,4,4,0.2,0.273,0.363,0.636,6,25,0.16299999999999998,0.06818181818181818,0.2840909090909091,0.246,0.177,0.281,85.7,9.1,32.7
682927,Ronny Simon,,25,88,0,1,0.234,0.299,0.273,0.572,8,15,0.03900000000000001,0.09090909090909091,0.17045454545454544,0.295,0.24,0.259,88.4,6.2,36.9
665052,Griffin Conine,,27,86,2,0,0.253,0.314,0.418,0.732,7,25,0.16499999999999998,0.08139534883720931,0.29069767441860467,0.299,0.232,0.318,90.9,14.8,48.1
656484,Tristan Gray,,29,86,3,0,0.231,0.282,0.41,0.692,6,19,0.17899999999999996,0.06976744186046512,0.22093023255813954,0.349,0.257,0.298,91.4,13.1,44.3
695391,Brett Harris,,27,84,0,1,0.274,0.349,0.342,0.691,7,21,0.068,0.08333333333333333,0.25,0.288,0.235,0.311,83.3,3.7,27.8
669369,Bryce Johnson,,29,84,1,4,0.342,0.383,0.434,0.817,3,19,0.09199999999999997,0.03571428571428571,0.2261904761904762,0.328,0.298,0.359,88.4,5.0,33.3
624415,Cavan Biggio,,30,83,1,1,0.174,0.296,0.246,0.542,11,21,0.07200000000000001,0.13253012048192772,0.25301204819277107,0.303,0.211,0.257,89.8,4.0,36.0
622761,Jorge Mateo,,30,83,1,15,0.177,0.217,0.266,0.483,4,30,0.08900000000000002,0.04819277108433735,0.3614457831325301,0.206,0.167,0.214,85.3,4.1,36.7
676044,Bob Seymour,,26,83,1,1,0.205,0.253,0.282,0.535,4,32,0.07699999999999999,0.04819277108433735,0.3855421686746988,0.236,0.2,0.239,89.5,0.0,47.8
608385,Jesse Winker,,31,81,1,1,0.229,0.309,0.4,0.709,9,21,0.171,0.1111111111111111,0.25925925925925924,0.277,0.204,0.301,89.5,7.8,45.1
656582,Connor Joe,,32,80,0,2,0.186,0.263,0.243,0.506,7,20,0.056999999999999995,0.0875,0.25,0.276,0.216,0.231,89.3,5.8,36.5
689200,Jacob Melton,,24,78,0,7,0.157,0.234,0.186,0.42,6,29,0.028999999999999998,0.07692307692307693,0.3717948717948718,0.24,0.177,0.198,88.1,4.9,43.9
669003,Garrett Mitchell,,26,78,0,3,0.206,0.286,0.294,0.58,7,25,0.088,0.08974358974358974,0.32051282051282054,0.288,0.229,0.261,90.4,6.7,42.2
640902,Jhonny Pereda,,29,78,0,0,0.246,0.325,0.333,0.658,8,21,0.08700000000000002,0.10256410256410256,0.2692307692307692,0.254,0.194,0.295,89.1,4.1,44.9
663584,Hayden Senger,,28,78,0,0,0.181,0.221,0.194,0.415,3,22,0.013000000000000012,0.038461538461538464,0.28205128205128205,0.259,0.215,0.19,88.6,3.8,38.5
678489,Jorge Barrosa,,24,77,1,0,0.141,0.169,0.225,0.394,2,22,0.08400000000000002,0.025974025974025976,0.2857142857142857,0.193,0.165,0.171,87.8,0.0,30.8
606992,Eric Haase,,32,77,2,0,0.229,0.289,0.357,0.646,4,31,0.12799999999999997,0.05194805194805195,0.4025974025974026,0.273,0.206,0.286,83.0,10.0,22.5
671286,Johnathan Rodríguez,,25,77,2,1,0.197,0.26,0.366,0.626,6,22,0.16899999999999998,0.07792207792207792,0.2857142857142857,0.282,0.225,0.273,92.1,6.1,55.1
664913,Seth Brown,,32,76,1,1,0.185,0.303,0.262,0.565,9,23,0.07700000000000001,0.11842105263157894,0.3026315789473684,0.295,0.193,0.265,87.2,9.5,40.5
694362,Blake Dunn,,26,75,1,1,0.15,0.32,0.233,0.553,8,25,0.08300000000000002,0.10666666666666667,0.3333333333333333,0.304,0.188,0.272,88.6,8.6,37.1
683770,Will Robertson,,27,75,0,0,0.129,0.173,0.143,0.316,2,27,0.013999999999999985,0.02666666666666667,0.36,0.188,0.145,0.149,85.0,9.1,31.8
688760,Blaine Crim,,28,74,5,0,0.2,0.27,0.462,0.732,6,28,0.262,0.08108108108108109,0.3783783783783784,0.322,0.215,0.309,92.2,15.4,53.8
691783,Jordan Lawlar,,22,74,0,2,0.182,0.257,0.288,0.545,6,26,0.10599999999999998,0.08108108108108109,0.35135135135135137,0.253,0.19,0.244,87.0,4.9,34.1
676070,Jacob Amaya,,26,73,0,2,0.106,0.139,0.121,0.26,3,16,0.015,0.0410958904109589,0.2191780821917808,0.197,0.174,0.12,88.5,0.0,29.6
656248,Sean Bouchard,,29,73,1,1,0.167,0.247,0.242,0.489,7,27,0.07499999999999998,0.0958904109589041,0.3698630136986301,0.227,0.179,0.225,86.6,0.0,30.8
665953,Andrés Chaparro,,26,73,1,0,0.182,0.247,0.258,0.505,5,22,0.07600000000000001,0.0684931506849315,0.3013698630136986,0.254,0.182,0.228,86.0,11.1,37.8
677592,Everson Pereira,,24,73,2,2,0.138,0.219,0.246,0.465,7,28,0.10799999999999998,0.0958904109589041,0.3835616438356164,0.242,0.16,0.212,90.5,7.9,44.7
678011,Anthony Seigler,,26,73,0,2,0.194,0.292,0.21,0.502,8,16,0.015999999999999986,0.1095890410958904,0.2191780821917808,0.305,0.24,0.239,89.3,2.1,37.5
671284,Tim Elko,,26,72,4,1,0.134,0.194,0.328,0.522,5,30,0.194,0.06944444444444445,0.4166666666666667,0.243,0.162,0.228,90.8,10.8,48.6
694377,Nick Yorke,,23,72,1,1,0.232,0.264,0.319,0.583,3,15,0.087,0.041666666666666664,0.20833333333333334,0.257,0.234,0.256,85.6,1.9,38.9
665877,José Fermín,,26,70,1,2,0.283,0.377,0.417,0.794,8,10,0.134,0.11428571428571428,0.14285714285714285,0.332,0.275,0.352,87.1,0.0,29.4
683090,Matthew Lugo,,24,70,4,0,0.232,0.243,0.464,0.707,0,24,0.232,0.0,0.34285714285714286,0.26,0.217,0.299,88.2,13.3,42.2
695600,Carter Jensen,,21,69,3,0,0.3,0.391,0.55,0.941,9,12,0.25000000000000006,0.13043478260869565,0.17391304347826086,0.447,0.336,0.403,95.4,20.8,58.3
694208,Moisés Ballesteros,,21,66,2,0,0.298,0.394,0.474,0.868,9,12,0.176,0.13636363636363635,0.18181818181818182,0.339,0.267,0.374,89.1,6.7,33.3
672569,Gustavo Campero,,27,66,3,4,0.172,0.273,0.345,0.618,5,14,0.173,0.07575757575757576,0.21212121212121213,0.325,0.239,0.277,85.3,6.8,22.7
678391,Jorbit Vivas,,24,66,1,0,0.161,0.266,0.25,0.516,5,13,0.089,0.07575757575757576,0.19696969696969696,0.304,0.245,0.242,85.9,4.7,37.2
701675,Nathan Church,,24,65,1,1,0.179,0.254,0.25,0.504,3,18,0.07100000000000001,0.046153846153846156,0.27692307692307694,0.247,0.193,0.232,89.0,2.4,41.5
672284,Jarred Kelenic,,25,65,2,0,0.167,0.231,0.3,0.531,5,23,0.13299999999999998,0.07692307692307693,0.35384615384615387,0.272,0.182,0.236,89.1,13.5,37.8
669004,MJ Melendez,,26,65,1,0,0.083,0.154,0.167,0.321,3,23,0.084,0.046153846153846156,0.35384615384615387,0.208,0.137,0.151,90.9,8.1,45.9
665155,Nick Maton,,28,63,2,0,0.167,0.286,0.315,0.601,9,19,0.148,0.14285714285714285,0.30158730158730157,0.236,0.133,0.273,89.0,5.7,37.1
689172,Brett Wisely,,26,63,1,1,0.185,0.279,0.315,0.594,7,14,0.13,0.1111111111111111,0.2222222222222222,0.284,0.2,0.267,87.3,7.1,31.0
691185,Maximo Acosta,,22,61,3,1,0.204,0.295,0.389,0.684,6,17,0.18500000000000003,0.09836065573770492,0.2786885245901639,0.349,0.248,0.302,93.5,13.5,56.8
660757,Oscar Gonzalez,,27,61,0,0,0.22,0.246,0.237,0.483,2,13,0.016999999999999987,0.03278688524590164,0.21311475409836064,0.298,0.266,0.217,89.1,6.5,45.7
656541,Sam Hilliard,,31,61,2,2,0.196,0.328,0.412,0.74,10,23,0.21599999999999997,0.16393442622950818,0.3770491803278688,0.301,0.166,0.326,93.5,17.9,57.1
686894,Joey Wiemer,,26,61,3,0,0.236,0.279,0.436,0.715,2,23,0.2,0.03278688524590164,0.3770491803278688,0.305,0.241,0.297,91.4,14.7,61.8
676356,Jonny DeLuca,,26,59,0,6,0.333,0.356,0.456,0.812,2,13,0.123,0.03389830508474576,0.22033898305084745,0.267,0.252,0.35,85.6,2.3,31.8
676116,Ryan Noda,,29,59,1,1,0.106,0.276,0.17,0.446,11,25,0.06400000000000002,0.1864406779661017,0.423728813559322,0.245,0.131,0.211,89.4,8.7,34.8
669087,Sam Huff,,27,58,2,0,0.208,0.259,0.34,0.599,4,25,0.13200000000000003,0.06896551724137931,0.43103448275862066,0.253,0.189,0.261,89.3,13.8,37.9
701398,Sal Stewart,,21,58,5,0,0.255,0.293,0.545,0.838,3,15,0.29000000000000004,0.05172413793103448,0.25862068965517243,0.398,0.289,0.355,95.4,17.5,52.5
669288,Daniel Johnson,,29,57,1,2,0.189,0.246,0.302,0.548,4,13,0.11299999999999999,0.07017543859649122,0.22807017543859648,0.305,0.237,0.243,89.3,12.5,42.5
682848,Endy Rodríguez,,25,57,0,0,0.173,0.246,0.25,0.496,5,14,0.07700000000000001,0.08771929824561403,0.24561403508771928,0.249,0.192,0.226,92.2,2.6,44.7
686475,Tyler Tolbert,,27,57,1,21,0.28,0.321,0.38,0.701,1,11,0.09999999999999998,0.017543859649122806,0.19298245614035087,0.313,0.26,0.305,88.3,2.4,38.1
666464,Jerar Encarnacion,,27,56,2,1,0.2,0.214,0.364,0.578,1,15,0.16399999999999998,0.017857142857142856,0.26785714285714285,0.297,0.256,0.247,90.8,5.0,45.0
670097,Zack Short,,30,56,2,0,0.22,0.291,0.38,0.671,4,18,0.16,0.07142857142857142,0.32142857142857145,0.241,0.175,0.295,86.2,3.0,39.4
656413,Stuart Fairchild,,29,55,0,2,0.216,0.273,0.333,0.606,4,15,0.11700000000000002,0.07272727272727272,0.2727272727272727,0.264,0.194,0.266,88.1,13.9,36.1
690291,Jace Jung,,24,55,0,0,0.106,0.236,0.106,0.342,7,16,0.0,0.12727272727272726,0.2909090909090909,0.241,0.162,0.181,88.3,3.2,38.7
686452,Drew Millas,,27,55,0,2,0.306,0.358,0.449,0.807,4,7,0.14300000000000002,0.07272727272727272,0.12727272727272726,0.305,0.279,0.35,84.8,2.3,23.3
571912,Luke Maile,,34,54,1,1,0.244,0.346,0.356,0.702,7,16,0.11199999999999999,0.12962962962962962,0.2962962962962963,0.342,0.261,0.316,90.8,6.5,45.2
680837,Ryan Fitzgerald,,31,53,4,1,0.196,0.302,0.457,0.759,7,8,0.261,0.1320754716981132,0.1509433962264151,0.343,0.224,0.328,89.1,13.2,34.2
676679,Luis Vázquez,,25,53,1,2,0.16,0.208,0.24,0.448,3,14,0.07999999999999999,0.05660377358490566,0.2641509433962264,0.279,0.22,0.201,89.6,11.1,44.4
805904,Zach Cole,,24,52,4,3,0.255,0.327,0.553,0.88,5,20,0.29800000000000004,0.09615384615384616,0.38461538461538464,0.305,0.198,0.373,90.1,14.8,48.1
650559,Bryan De La Cruz,,28,50,0,1,0.191,0.24,0.213,0.453,3,18,0.021999999999999992,0.06,0.36,0.245,0.201,0.208,91.5,6.9,51.7
608671,Travis Jankowski,,34,50,0,2,0.244,0.286,0.289,0.575,3,12,0.044999999999999984,0.06,0.24,0.248,0.236,0.256,84.6,0.0,34.3
680700,Richie Palacios,,28,48,1,4,0.333,0.396,0.452,0.848,5,9,0.119,0.10416666666666667,0.1875,0.36,0.315,0.369,89.9,5.9,44.1
671655,George Valera,,24,48,2,0,0.22,0.333,0.415,0.748,7,13,0.19499999999999998,0.14583333333333334,0.2708333333333333,0.272,0.187,0.33,91.1,3.6,42.9
669722,Logan Davidson,,27,47,1,0,0.167,0.222,0.286,0.508,3,22,0.11899999999999997,0.06382978723404255,0.46808510638297873,0.198,0.138,0.225,87.4,4.5,27.3
668974,Maverick Handley,,27,47,0,0,0.073,0.133,0.073,0.206,2,18,0.0,0.0425531914893617,0.3829787234042553,0.177,0.127,0.106,83.5,0.0,34.6
694728,Brice Matthews,,23,47,4,1,0.167,0.222,0.452,0.674,2,20,0.28500000000000003,0.0425531914893617,0.425531914893617,0.294,0.178,0.287,88.6,25.0,41.7
676724,Jared Young,,29,47,4,0,0.186,0.234,0.488,0.722,2,16,0.302,0.0425531914893617,0.3404255319148936,0.296,0.201,0.301,84.6,14.3,39.3
699625,Jimmy Crooks,,23,46,1,0,0.133,0.152,0.244,0.396,0,17,0.11099999999999999,0.0,0.3695652173913043,0.223,0.185,0.171,89.6,7.1,39.3
605131,Austin Barnes,,35,44,0,0,0.214,0.233,0.286,0.519,1,14,0.07199999999999998,0.022727272727272728,0.3181818181818182,0.24,0.227,0.227,80.9,3.4,20.7
677956,Rece Hinds,,24,44,2,0,0.116,0.136,0.279,0.415,1,21,0.16300000000000003,0.022727272727272728,0.4772727272727273,0.25,0.177,0.177,92.5,18.2,50.0
668952,Ryan Kreidler,,27,44,0,2,0.105,0.19,0.105,0.295,4,19,0.0,0.09090909090909091,0.4318181818181818,0.236,0.182,0.15,89.6,4.8,28.6
670092,Trenton Brooks,,29,43,1,0,0.146,0.186,0.268,0.454,2,13,0.12200000000000003,0.046511627906976744,0.3023255813953488,0.255,0.214,0.199,89.4,7.1,35.7
694203,Denzer Guzman,,21,43,2,0,0.19,0.209,0.357,0.566,1,22,0.16699999999999998,0.023255813953488372,0.5116279069767442,0.212,0.167,0.243,86.5,15.0,45.0
687957,Dustin Harris,,25,43,1,1,0.2,0.256,0.35,0.606,3,13,0.14999999999999997,0.06976744186046512,0.3023255813953488,0.231,0.186,0.265,86.9,3.7,25.9
607680,Kevin Pillar,,36,43,0,3,0.209,0.209,0.256,0.465,0,8,0.047000000000000014,0.0,0.18604651162790697,0.216,0.209,0.202,86.1,2.9,20.0
676701,Alan Trejo,,29,43,0,0,0.175,0.19,0.225,0.415,1,7,0.05000000000000002,0.023255813953488372,0.16279069767441862,0.244,0.206,0.181,87.9,8.6,28.6
663662,Daz Cameron,,28,42,1,1,0.195,0.214,0.293,0.507,1,13,0.09799999999999998,0.023809523809523808,0.30952380952380953,0.263,0.22,0.221,91.9,7.1,32.1
685301,Matt Gorski,,27,42,2,0,0.195,0.214,0.39,0.604,1,16,0.195,0.023809523809523808,0.38095238095238093,0.253,0.194,0.256,85.3,12.0,32.0
663609,Luken Baker,,28,41,0,0,0.235,0.366,0.324,0.69,7,10,0.08900000000000002,0.17073170731707318,0.24390243902439024,0.328,0.217,0.317,94.6,8.3,54.2
592178,Kris Bryant,,33,41,0,0,0.154,0.195,0.205,0.4,2,13,0.05099999999999999,0.04878048780487805,0.3170731707317073,0.217,0.159,0.181,90.8,7.7,34.6
686554,Oliver Dunn,,27,41,0,1,0.167,0.205,0.222,0.427,2,11,0.05499999999999999,0.04878048780487805,0.2682926829268293,0.235,0.221,0.19,87.3,0.0,32.1
543592,Austin Nola,,35,41,0,0,0.184,0.225,0.211,0.436,2,5,0.026999999999999996,0.04878048780487805,0.12195121951219512,0.275,0.26,0.198,87.5,0.0,44.1
493329,Yuli Gurriel,,41,40,0,0,0.111,0.2,0.139,0.339,4,8,0.02800000000000001,0.1,0.2,0.19,0.133,0.167,85.1,0.0,17.9
686676,Korey Lee,,26,40,1,0,0.257,0.333,0.429,0.762,4,7,0.172,0.1,0.175,0.25,0.185,0.333,86.3,3.4,34.5
595751,Jorge Alfaro,,32,39,0,1,0.256,0.256,0.308,0.564,0,14,0.05199999999999999,0.0,0.358974358974359,0.247,0.241,0.245,86.8,8.0,44.0
669208,Ryan Bliss,,25,39,1,2,0.2,0.282,0.314,0.596,4,11,0.11399999999999999,0.10256410256410256,0.28205128205128205,0.297,0.205,0.268,89.0,12.5,33.3
687478,Cam Devanney,,28,38,0,0,0.139,0.184,0.167,0.351,2,21,0.027999999999999997,0.05263157894736842,0.5526315789473685,0.188,0.137,0.162,90.4,6.7,46.7
683748,Victor Mesa Jr.,,23,38,1,0,0.188,0.297,0.344,0.641,5,5,0.15599999999999997,0.13157894736842105,0.13157894736842105,0.331,0.229,0.288,91.1,7.1,42.9
805811,Bryce Eldridge,,20,37,0,0,0.107,0.297,0.179,0.476,7,13,0.072,0.1891891891891892,0.35135135135135137,0.362,0.175,0.242,95.6,25.0,68.8
621512,Tomás Nido,,31,37,0,0,0.343,0.361,0.343,0.704,0,10,0.0,0.0,0.2702702702702703,0.278,0.272,0.314,86.4,0.0,34.6
691728,Zac Veen,,23,37,1,1,0.118,0.189,0.235,0.424,2,14,0.11699999999999999,0.05405405405405406,0.3783783783783784,0.188,0.123,0.193,90.2,5.0,30.0
669304,Jose Miranda,,27,36,1,0,0.167,0.167,0.25,0.417,0,13,0.08299999999999999,0.0,0.3611111111111111,0.205,0.203,0.179,88.5,4.3,43.5
642350,Jose Siri,,29,36,0,2,0.063,0.167,0.125,0.292,4,17,0.062,0.1111111111111111,0.4722222222222222,0.205,0.094,0.146,84.9,20.0,33.3
666150,Dominic Fletcher,,27,34,1,1,0.219,0.265,0.469,0.734,2,2,0.24999999999999997,0.058823529411764705,0.058823529411764705,0.289,0.248,0.311,89.1,3.3,40.0
622569,Pablo Reyes,,31,34,0,1,0.194,0.242,0.226,0.468,2,10,0.032,0.058823529411764705,0.29411764705882354,0.236,0.197,0.214,87.8,4.5,31.8
665861,Sebastián Rivero,,26,34,0,1,0.182,0.206,0.242,0.448,1,9,0.06,0.029411764705882353,0.2647058823529412,0.204,0.168,0.198,86.9,8.3,29.2
663897,Luke Williams,,28,34,0,5,0.129,0.176,0.194,0.37,1,9,0.065,0.029411764705882353,0.2647058823529412,0.23,0.185,0.167,86.9,4.3,27.3
668845,Aaron Schunk,,27,33,0,0,0.188,0.188,0.219,0.407,0,10,0.031,0.0,0.30303030303030304,0.229,0.224,0.177,85.9,4.3,21.7
677870,Leo Jiménez,,24,32,1,0,0.069,0.129,0.172,0.301,2,8,0.10299999999999998,0.0625,0.25,0.24,0.186,0.139,92.0,9.1,50.0
671083,Buddy Kennedy,,26,32,0,0,0.069,0.156,0.103,0.259,2,8,0.03399999999999999,0.0625,0.25,0.202,0.136,0.132,87.9,4.8,42.9
694376,Shay Whitcomb,,26,32,1,0,0.125,0.125,0.219,0.344,0,10,0.094,0.0,0.3125,0.198,0.178,0.146,84.5,4.5,18.2
676480,José Barrero,,27,31,1,0,0.138,0.194,0.276,0.47,1,9,0.138,0.03225806451612903,0.2903225806451613,0.18,0.125,0.209,83.6,5.0,20.0
676812,Carson McCusker,,27,30,0,0,0.172,0.2,0.172,0.372,1,16,0.0,0.03333333333333333,0.5333333333333333,0.218,0.179,0.17,78.0,7.7,30.8
664068,Scott Kingery,,31,29,0,1,0.148,0.207,0.185,0.392,2,11,0.037000000000000005,0.06896551724137931,0.3793103448275862,0.196,0.155,0.182,86.1,6.3,31.3
670032,Nicky Lopez,,30,28,0,0,0.042,0.179,0.042,0.221,4,4,0.0,0.14285714285714285,0.14285714285714285,0.24,0.176,0.13,84.8,0.0,40.0
683357,Owen Caissie,,22,27,1,0,0.192,0.222,0.346,0.568,1,11,0.15399999999999997,0.037037037037037035,0.4074074074074074,0.232,0.189,0.245,87.3,13.3,20.0
669134,Luis Campusano,,26,27,0,0,0.0,0.222,0.0,0.222,6,11,0.0,0.2222222222222222,0.4074074074074074,0.208,0.076,0.154,87.8,0.0,30.0
669200,Mason McCoy,,30,26,0,2,0.136,0.269,0.182,0.451,3,7,0.045999999999999985,0.11538461538461539,0.2692307692307692,0.287,0.162,0.224,82.9,13.3,26.7
687529,Grant McCray,,24,26,0,0,0.091,0.16,0.182,0.342,2,11,0.091,0.07692307692307693,0.4230769230769231,0.223,0.142,0.154,85.7,15.4,23.1
678225,Ji Hwan Bae,,25,25,0,4,0.05,0.24,0.05,0.29,5,9,0.0,0.2,0.36,0.268,0.115,0.174,88.3,18.2,36.4
683021,Michael Stefanic,,29,25,0,0,0.182,0.28,0.182,0.462,3,3,0.0,0.12,0.12,0.283,0.216,0.224,90.7,5.3,42.1
681584,David Villar,,28,25,0,0,0.2,0.36,0.25,0.61,4,5,0.04999999999999999,0.16,0.2,0.337,0.22,0.295,81.6,6.7,26.7
663536,Tristin English,,28,23,0,0,0.091,0.13,0.136,0.266,1,8,0.04500000000000001,0.043478260869565216,0.34782608695652173,0.131,0.098,0.123,91.7,0.0,35.7
694359,Niko Kavadas,,26,23,0,0,0.1,0.217,0.1,0.317,3,10,0.0,0.13043478260869565,0.43478260869565216,0.218,0.14,0.167,85.4,0.0,30.0
665923,Esteury Ruiz,,26,23,1,4,0.19,0.261,0.333,0.594,2,8,0.14300000000000002,0.08695652173913043,0.34782608695652173,0.249,0.162,0.264,81.5,7.7,23.1
645305,Ali Sánchez,,28,23,0,0,0.217,0.217,0.304,0.521,0,6,0.087,0.0,0.2608695652173913,0.255,0.214,0.224,88.3,17.6,41.2
644433,Chadwick Tromp,,30,22,1,0,0.143,0.182,0.333,0.515,1,6,0.19000000000000003,0.045454545454545456,0.2727272727272727,0.213,0.169,0.221,90.2,6.7,40.0
640492,José Azocar,,29,21,0,1,0.263,0.333,0.263,0.596,2,1,0.0,0.09523809523809523,0.047619047619047616,0.343,0.321,0.276,86.4,0.0,27.8
666915,Bobby Dalbec,,30,21,0,0,0.222,0.333,0.278,0.611,3,6,0.05600000000000002,0.14285714285714285,0.2857142857142857,0.245,0.168,0.284,84.6,0.0,25.0
641645,Luis Guillorme,,30,21,0,0,0.15,0.19,0.15,0.34,1,8,0.0,0.047619047619047616,0.38095238095238093,0.25,0.244,0.159,88.1,0.0,25.0
669374,Keston Hiura,,28,21,0,0,0.222,0.333,0.278,0.611,0,7,0.05600000000000002,0.0,0.3333333333333333,0.242,0.161,0.289,81.1,0.0,18.2
641856,Billy McKinney,,30,21,0,0,0.2,0.238,0.25,0.488,1,1,0.04999999999999999,0.047619047619047616,0.047619047619047616,0.346,0.311,0.219,87.0,0.0,26.3
622534,Manuel Margot,,30,20,0,0,0.316,0.3,0.316,0.616,0,6,0.0,0.0,0.3,0.301,0.317,0.265,79.5,0.0,14.3
663731,Connor Kaiser,,28,19,0,0,0.111,0.158,0.167,0.325,1,5,0.05600000000000001,0.05263157894736842,0.2631578947368421,0.239,0.184,0.149,82.1,7.7,23.1
672279,Michael Siani,,25,19,0,0,0.235,0.316,0.235,0.551,2,7,0.0,0.10526315789473684,0.3684210526315789,0.312,0.28,0.259,79.8,0.0,20.0
682183,Drew Avans,,29,18,0,1,0.118,0.111,0.118,0.229,0,6,0.0,0.0,0.3333333333333333,0.153,0.15,0.098,84.7,0.0,16.7
668731,Akil Baddoo,,26,18,0,1,0.118,0.167,0.176,0.343,1,5,0.057999999999999996,0.05555555555555555,0.2777777777777778,0.277,0.258,0.157,90.3,0.0,41.7
666165,Blake Sabol,,27,18,0,0,0.125,0.167,0.188,0.355,1,7,0.063,0.05555555555555555,0.3888888888888889,0.208,0.151,0.157,87.8,10.0,40.0
680769,CJ Alexander,,28,17,0,0,0.176,0.176,0.176,0.352,0,8,0.0,0.0,0.47058823529411764,0.181,0.188,0.156,81.7,0.0,11.1
804668,Rafael Flores Jr.,,24,17,0,0,0.2,0.294,0.333,0.627,2,7,0.133,0.11764705882352941,0.4117647058823529,0.361,0.258,0.281,94.8,12.5,62.5
680911,Owen Miller,,28,17,0,1,0.143,0.294,0.143,0.437,2,4,0.0,0.11764705882352941,0.23529411764705882,0.264,0.176,0.228,76.7,0.0,20.0
669398,Gage Workman,,25,17,0,1,0.188,0.235,0.25,0.485,1,7,0.062,0.058823529411764705,0.4117647058823529,0.312,0.248,0.218,89.8,11.1,33.3
672359,Tirso Ornelas,,25,16,0,0,0.071,0.188,0.071,0.259,2,2,0.0,0.125,0.125,0.285,0.17,0.142,90.5,8.3,41.7
663967,César Salazar,,29,16,0,0,0.231,0.375,0.231,0.606,2,2,0.0,0.125,0.125,0.298,0.213,0.297,82.1,0.0,18.2
676466,Jack Winkler,,26,16,0,1,0.25,0.25,0.375,0.625,0,4,0.125,0.0,0.25,0.201,0.171,0.267,86.8,8.3,25.0
571466,Tucker Barnhart,,34,15,0,0,0.231,0.333,0.231,0.564,1,4,0.0,0.06666666666666667,0.26666666666666666,0.22,0.15,0.271,85.4,0.0,11.1
674441,Jacob Hurtubise,,27,15,0,0,0.083,0.267,0.083,0.35,1,6,0.0,0.06666666666666667,0.4,0.262,0.158,0.201,89.3,0.0,16.7
640459,Brian Navarreto,,30,15,1,0,0.286,0.267,0.643,0.91,0,3,0.35700000000000004,0.0,0.2,0.33,0.247,0.362,96.1,25.0,66.7
668723,Ryan Vilade,,26,15,0,0,0.077,0.2,0.077,0.277,2,5,0.0,0.13333333333333333,0.3333333333333333,0.295,0.21,0.151,96.6,12.5,75.0
656185,Greg Allen,,32,14,0,0,0.0,0.0,0.0,0.0,0,5,0.0,0.0,0.35714285714285715,0.142,0.146,0.0,89.9,0.0,33.3
677060,Chad Stevens,,26,14,0,0,0.154,0.154,0.154,0.308,0,7,0.0,0.0,0.5,0.169,0.184,0.136,82.2,0.0,14.3
672012,Tyler Black,,24,13,0,0,0.25,0.538,0.375,0.913,5,1,0.125,0.38461538461538464,0.07692307692307693,0.428,0.25,0.43,83.1,0.0,28.6
686823,Will Brennan,,27,13,0,0,0.091,0.231,0.091,0.322,1,1,0.0,0.07692307692307693,0.07692307692307693,0.199,0.097,0.177,82.2,0.0,30.0
667452,Corey Julks,,29,13,0,0,0.25,0.231,0.417,0.648,0,3,0.16699999999999998,0.0,0.23076923076923078,0.162,0.103,0.26,85.5,0.0,20.0
682634,Kevin Alcántara,,22,12,0,1,0.364,0.417,0.364,0.781,1,4,0.0,0.08333333333333333,0.3333333333333333,0.443,0.447,0.352,92.8,0.0,42.9
506702,Sandy León,,36,12,1,0,0.083,0.083,0.333,0.416,0,4,0.25,0.0,0.3333333333333333,0.159,0.09,0.17,91.3,0.0,25.0
605353,Vimael Machín,,31,12,1,0,0.091,0.167,0.364,0.531,1,2,0.273,0.08333333333333333,0.16666666666666666,0.286,0.2,0.227,85.4,11.1,33.3
671976,Tristan Peters,,25,12,0,0,0.0,0.0,0.0,0.0,0,7,0.0,0.0,0.5833333333333334,0.146,0.149,0.0,86.8,0.0,40.0
682868,Bryan Ramos,,23,12,0,0,0.167,0.167,0.333,0.5,0,4,0.166,0.0,0.3333333333333333,0.242,0.209,0.209,78.4,12.5,12.5
669256,Nick Solak,,30,11,0,0,0.091,0.091,0.091,0.182,0,2,0.0,0.0,0.18181818181818182,0.141,0.151,0.08,82.6,0.0,33.3
605113,Nick Ahmed,,35,10,0,1,0.0,0.1,0.0,0.1,1,3,0.0,0.1,0.3,0.201,0.157,0.069,83.4,0.0,16.7
677943,Will Banfield,,25,10,0,0,0.1,0.1,0.1,0.2,0,6,0.0,0.0,0.6,0.151,0.164,0.088,84.4,0.0,25.0
663796,Coco Montes,,28,10,0,0,0.2,0.2,0.2,0.4,0,3,0.0,0.0,0.3,0.259,0.273,0.176,90.3,0.0,42.9
553882,Omar Narváez,,33,10,0,0,0.286,0.4,0.286,0.686,2,1,0.0,0.2,0.1,0.295,0.219,0.315,87.2,0.0,14.3
680716,Jonathan Ornelas,,25,10,0,0,0.222,0.3,0.222,0.522,1,3,0.0,0.1,0.3,0.143,0.088,0.246,81.2,0.0,33.3
689041,Rhylan Thomas,,25,10,0,0,0.125,0.2,0.25,0.45,1,0,0.125,0.1,0.0,0.179,0.144,0.194,83.7,0.0,33.3
605204,J.D. Davis,,32,9,0,0,0.111,0.111,0.111,0.222,0,3,0.0,0.0,0.3333333333333333,0.117,0.117,0.098,85.7,0.0,33.3
679822,Justin Foscue,,26,9,0,0,0.111,0.111,0.222,0.333,0,3,0.111,0.0,0.3333333333333333,0.189,0.161,0.139,93.0,0.0,66.7
691373,Jhostynxon Garcia,,22,9,0,0,0.143,0.333,0.286,0.619,2,5,0.143,0.2222222222222222,0.5555555555555556,0.309,0.216,0.293,91.8,0.0,50.0
682515,Logan Porter,,29,9,0,0,0.143,0.333,0.143,0.476,1,2,0.0,0.1111111111111111,0.2222222222222222,0.198,0.056,0.255,89.4,0.0,0.0
572138,Jon Singleton,,33,9,0,0,0.111,0.111,0.111,0.222,0,1,0.0,0.0,0.1111111111111111,0.279,0.253,0.098,83.5,0.0,50.0
664954,Brett Sullivan,,31,9,0,0,0.167,0.333,0.167,0.5,1,3,0.0,0.1111111111111111,0.3333333333333333,0.371,0.137,0.255,98.0,25.0,100.0
669392,Samad Taylor,,26,9,0,0,0.125,0.125,0.125,0.25,0,1,0.0,0.0,0.1111111111111111,0.183,0.187,0.11,75.7,0.0,12.5
622268,Donovan Walton,,31,9,0,0,0.125,0.125,0.125,0.25,0,1,0.0,0.0,0.1111111111111111,0.274,0.29,0.11,92.6,0.0,37.5
680118,Dairon Blanco,,32,8,0,3,0.167,0.167,0.333,0.5,0,2,0.166,0.0,0.25,0.175,0.185,0.209,79.1,0.0,0.0
695670,Harry Ford,,22,8,0,0,0.167,0.25,0.167,0.417,0,3,0.0,0.0,0.375,0.281,0.186,0.201,93.9,25.0,50.0
690984,Petey Halpin,,23,8,0,0,0.333,0.5,0.333,0.833,2,2,0.0,0.25,0.25,0.279,0.154,0.393,72.0,0.0,0.0
666198,Carter Kieboom,,27,8,0,0,0.25,0.25,0.25,0.5,0,1,0.0,0.0,0.125,0.243,0.244,0.221,80.7,0.0,28.6
592696,Eddie Rosario,,33,8,0,0,0.125,0.125,0.125,0.25,0,2,0.0,0.0,0.25,0.329,0.236,0.11,87.3,16.7,66.7
670276,Cal Stevenson,,28,8,0,0,0.25,0.25,0.25,0.5,0,2,0.0,0.0,0.25,0.152,0.149,0.221,86.8,0.0,16.7
542963,Rob Brantly,,35,7,0,0,0.429,0.429,0.429,0.858,0,1,0.0,0.0,0.14285714285714285,0.217,0.23,0.378,89.4,0.0,16.7
691907,Tsung-Che Cheng,,23,7,0,0,0.0,0.0,0.0,0.0,0,3,0.0,0.0,0.42857142857142855,0.165,0.167,0.0,93.2,0.0,50.0
624513,Dom Nuñez,,30,7,0,0,0.286,0.286,0.286,0.572,0,4,0.0,0.0,0.5714285714285714,0.043,0.047,0.252,72.9,0.0,0.0
672642,Steward Berroa,,26,6,0,1,0.0,0.167,0.0,0.167,1,2,0.0,0.16666666666666666,0.3333333333333333,0.16,0.057,0.115,91.3,0.0,0.0
682997,Tyler Callihan,,25,6,0,0,0.167,0.167,0.167,0.334,0,1,0.0,0.0,0.16666666666666666,0.194,0.199,0.147,89.8,0.0,60.0
695257,Billy Cook,,26,6,0,0,0.333,0.333,0.333,0.666,0,1,0.0,0.0,0.16666666666666666,0.382,0.396,0.294,81.6,0.0,40.0
693409,César Prieto,,26,6,0,0,0.167,0.167,0.167,0.334,0,5,0.0,0.0,0.8333333333333334,0.0,,0.147,,0.0,0.0
677941,Jordyn Adams,,25,5,0,0,0.0,0.0,0.0,0.0,0,2,0.0,0.0,0.4,0.224,0.197,0.0,94.3,0.0,66.7
642727,Sergio Alcántara,,28,4,0,0,0.0,0.0,0.0,0.0,0,2,0.0,0.0,0.5,0.05,0.047,0.0,84.2,0.0,0.0
685744,Kenedy Corona,,25,4,0,0,0.0,0.5,0.0,0.5,2,1,0.0,0.5,0.25,0.362,0.035,0.346,92.4,0.0,0.0
605244,Aramis Garcia,,32,4,0,0,0.0,0.0,0.0,0.0,0,3,0.0,0.0,0.75,0.051,0.041,0.0,91.3,0.0,0.0
676551,Brewer Hicklen,,29,4,0,1,0.667,0.75,0.667,1.417,1,1,0.0,0.25,0.25,0.349,0.167,0.614,88.9,50.0,50.0
702358,Trey Lipscomb,,25,4,0,0,0.5,0.5,0.5,1.0,0,1,0.0,0.0,0.25,0.127,0.138,0.441,90.8,0.0,33.3
691011,Drew Romo,,23,3,0,0,0.0,0.0,0.0,0.0,0,3,0.0,0.0,1.0,0.0,,0.0,,,
667690,C.J. Stubbs,,28,3,0,0,0.0,0.0,0.0,0.0,0,0,0.0,0.0,0.0,0.098,0.104,0.0,84.6,0.0,33.3
675915,David Bañuelos,,28,2,0,0,0.0,0.5,0.0,0.5,0,1,0.0,0.0,0.5,0.361,,0.361,,,
681909,Justin Dean,,28,2,0,1,0.0,0.0,0.0,0.0,0,1,0.0,0.0,0.5,0.029,0.032,0.0,80.4,0.0,0.0
675659,Greg Jones,,27,2,0,1,0.0,0.0,0.0,0.0,0,2,0.0,0.0,1.0,0.0,,0.0,,,
642020,Chuckie Robinson,,30,2,0,0,0.0,0.0,0.0,0.0,0,0,0.0,0.0,0.0,0.186,0.202,0.0,,0.0,0.0
669432,Trevor Rogers,,27,2,0,0,0.0,0.0,0.0,0.0,0,2,0.0,0.0,1.0,0.0,,0.0,,,
641302,Tyler Alexander,,30,1,0,0,0.0,0.0,0.0,0.0,0,0,0.0,0.0,0.0,0.055,0.053,0.0,93.6,0.0,0.0
683004,Jack Leiter,,25,1,0,0,0.0,0.0,0.0,0.0,0,1,0.0,0.0,1.0,0.0,,0.0,,,
669194,Ryne Nelson,,27,1,0,0,1.0,1.0,1.0,2.0,0,0,0.0,0.0,0.0,0.118,0.124,0.882,89.8,0.0,0.0
829272,Shinnosuke Ogasawara,,27,1,0,0,0.0,0.0,0.0,0.0,0,1,0.0,0.0,1.0,0.0,,0.0,,,
607067,Colin Rea,,34,1,0,0,0.0,0.0,0.0,0.0,0,1,0.0,0.0,1.0,0.0,,0.0,,,
596117,Garrett Stubbs,,32,1,0,0,0.0,0.0,0.0,0.0,0,0,0.0,0.0,0.0,0.044,0.045,0.0,67.5,0.0,0.0
679631,Terrin Vavra,,28,1,0,0,0.0,0.0,0.0,0.0,0,0,0.0,0.0,0.0,0.6,0.658,0.0,100.6,0.0,100.0
690953,Mick Abel,,23,0,0,0,0.0,0.0,0.0,0.0,0,0,0.0,0.0,0.0,,,,,,
650556,Bryan Abreu,,28,0,0,0,0.0,0.0,0.0,0.0,0,0,0.0,0.0,0.0,,,,,,
688642,Zach Agnos,,24,0,0,0,0.0,0.0,0.0,0.0,0,0,0.0,0.0,0.0,,,,,,
669211,Keegan Akin,,30,0,0,0,0.0,0.0,0.0,0.0,0,0,0.0,0.0,0.0,,,,,,
665660,Elvis Alvarado,,26,0,0,0,0.0,0.0,0.0,0.0,0,0,0.0,0.0,0.0,,,,,,
542888,Shawn Armstrong,,34,0,0,0,0.0,0.0,0.0,0.0,0,0,0.0,0.0,0.0,,,,,,
679883,Luinder Avila,,23,0,0,0,0.0,0.0,0.0,0.0,0,0,0.0,0.0,0.0,,,,,,
679775,Kyle Backhus,,27,0,0,0,0.0,0.0,0.0,0.0,0,0,0.0,0.0,0.0,,,,,,
641329,Bryan Baker,,30,0,0,0,0.0,0.0,0.0,0.0,0,0,0.0,0.0,0.0,,,,,,
607455,Anthony Banda,,31,0,0,0,0.0,0.0,0.0,0.0,0,0,0.0,0.0,0.0,,,,,,
642585,Félix Bautista,,30,0,0,0,0.0,0.0,0.0,0.0,0,0,0.0,0.0,0.0,,,,,,
657514,Brennan Bernardino,,33,0,0,0,0.0,0.0,0.0,0.0,0,0,0.0,0.0,0.0,,,,,,
656234,Jake Bird,,29,0,0,0,0.0,0.0,0.0,0.0,0,0,0.0,0.0,0.0,,,,,,
806185,Hayden Birdsong,,23,0,0,0,0.0,0.0,0.0,0.0,0,0,0.0,0.0,0.0,,,,,,
621199,Matt Bowman,,34,0,0,0,0.0,0.0,0.0,0.0,0,0,0.0,0.0,0.0,,,,,,
605154,John Brebbia,,35,0,0,0,0.0,0.0,0.0,0.0,0,0,0.0,0.0,0.0,,,,,,
666974,Yennier Cano,,31,0,0,0,0.0,0.0,0.0,0.0,0,0,0.0,0.0,0.0,,,,,,
620454,José Castillo,,29,0,0,0,0.0,0.0,0.0,0.0,0,0,0.0,0.0,0.0,,,,,,
676917,Cade Cavalli,,26,0,0,0,0.0,0.0,0.0,0.0,0,0,0.0,0.0,0.0,,,,,,
547973,Aroldis Chapman,,37,0,0,0,0.0,0.0,0.0,0.0,0,0,0.0,0.0,0.0,,,,,,
683409,Angel Chivilli,,22,0,0,0,0.0,0.0,0.0,0.0,0,0,0.0,0.0,0.0,,,,,,
664199,Taylor Clarke,,32,0,0,0,0.0,0.0,0.0,0.0,0,0,0.0,0.0,0.0,,,,,,
661403,Emmanuel Clase,,27,0,0,0,0.0,0.0,0.0,0.0,0,0,0.0,0.0,0.0,,,,,,
674444,Steven Cruz,,26,0,0,0,0.0,0.0,0.0,0.0,0,0,0.0,0.0,0.0,,,,,,
595928,John Curtiss,,32,0,0,0,0.0,0.0,0.0,0.0,0,0,0.0,0.0,0.0,,,,,,
681168,Luis Curvelo,,24,0,0,0,0.0,0.0,0.0,0.0,0,0,0.0,0.0,0.0,,,,,,
660853,Enyel De Los Santos,,29,0,0,0,0.0,0.0,0.0,0.0,0,0,0.0,0.0,0.0,,,,,,
660787,Yerry De los Santos,,27,0,0,0,0.0,0.0,0.0,0.0,0,0,0.0,0.0,0.0,,,,,,
622554,Seranthony Domínguez,,30,0,0,0,0.0,0.0,0.0,0.0,0,0,0.0,0.0,0.0,,,,,,
661395,Jhoan Duran,,27,0,0,0,0.0,0.0,0.0,0.0,0,0,0.0,0.0,0.0,,,,,,
621242,Edwin Díaz,,31,0,0,0,0.0,0.0,0.0,0.0,0,0,0.0,0.0,0.0,,,,,,
669438,Mason Englert,,25,0,0,0,0.0,0.0,0.0,0.0,0,0,0.0,0.0,0.0,,,,,,
608650,Dietrich Enns,,34,0,0,0,0.0,0.0,0.0,0.0,0,0,0.0,0.0,0.0,,,,,,
668674,Lucas Erceg,,30,0,0,0,0.0,0.0,0.0,0.0,0,0,0.0,0.0,0.0,,,,,,
608032,Carlos Estévez,,32,0,0,0,0.0,0.0,0.0,0.0,0,0,0.0,0.0,0.0,,,,,,
621053,Tyler Ferguson,,31,0,0,0,0.0,0.0,0.0,0.0,0,0,0.0,0.0,0.0,,,,,,
678606,Jose A. Ferrer,,25,0,0,0,0.0,0.0,0.0,0.0,0,0,0.0,0.0,0.0,,,,,,
670036,Matt Festa,,32,0,0,0,0.0,0.0,0.0,0.0,0,0,0.0,0.0,0.0,,,,,,
681892,Kody Funderburk,,28,0,0,0,0.0,0.0,0.0,0.0,0,0,0.0,0.0,0.0,,,,,,
805299,Brandyn Garcia,,25,0,0,0,0.0,0.0,0.0,0.0,0,0,0.0,0.0,0.0,,,,,,
676395,Robert Garcia,,29,0,0,0,0.0,0.0,0.0,0.0,0,0,0.0,0.0,0.0,,,,,,
554340,Yimi García,,34,0,0,0,0.0,0.0,0.0,0.0,0,0,0.0,0.0,0.0,,,,,,
623352,Josh Hader,,31,0,0,0,0.0,0.0,0.0,0.0,0,0,0.0,0.0,0.0,,,,,,
678020,Seth Halvorsen,,25,0,0,0,0.0,0.0,0.0,0.0,0,0,0.0,0.0,0.0,,,,,,
676106,Emerson Hancock,,26,0,0,0,0.0,0.0,0.0,0.0,0,0,0.0,0.0,0.0,,,,,,
664854,Ryan Helsley,,30,0,0,0,0.0,0.0,0.0,0.0,0,0,0.0,0.0,0.0,,,,,,
682120,Tim Herrin,,28,0,0,0,0.0,0.0,0.0,0.0,0,0,0.0,0.0,0.0,,,,,,
656546,Jeff Hoffman,,32,0,0,0,0.0,0.0,0.0,0.0,0,0,0.0,0.0,0.0,,,,,,
686753,Drey Jameson,,27,0,0,0,0.0,0.0,0.0,0.0,0,0,0.0,0.0,0.0,,,,,,
445276,Kenley Jansen,,37,0,0,0,0.0,0.0,0.0,0.0,0,0,0.0,0.0,0.0,,,,,,
643377,Griffin Jax,,30,0,0,0,0.0,0.0,0.0,0.0,0,0,0.0,0.0,0.0,,,,,,
592454,Tommy Kahnle,,35,0,0,0,0.0,0.0,0.0,0.0,0,0,0.0,0.0,0.0,,,,,,
687330,Kevin Kelly,,27,0,0,0,0.0,0.0,0.0,0.0,0,0,0.0,0.0,0.0,,,,,,
547184,Michael Kelly,,32,0,0,0,0.0,0.0,0.0,0.0,0,0,0.0,0.0,0.0,,,,,,
552640,Andrew Kittredge,,35,0,0,0,0.0,0.0,0.0,0.0,0,0,0.0,0.0,0.0,,,,,,
673929,Jordan Leasure,,26,0,0,0,0.0,0.0,0.0,0.0,0,0,0.0,0.0,0.0,,,,,,
668984,Casey Legumina,,28,0,0,0,0.0,0.0,0.0,0.0,0,0,0.0,0.0,0.0,,,,,,
669674,Sam Long,,29,0,0,0,0.0,0.0,0.0,0.0,0,0,0.0,0.0,0.0,,,,,,
663738,Daniel Lynch IV,,28,0,0,0,0.0,0.0,0.0,0.0,0,0,0.0,0.0,0.0,,,,,,
573009,Joe Mantiply,,34,0,0,0,0.0,0.0,0.0,0.0,0,0,0.0,0.0,0.0,,,,,,
679885,Justin Martinez,,23,0,0,0,0.0,0.0,0.0,0.0,0,0,0.0,0.0,0.0,,,,,,
664208,Phil Maton,,32,0,0,0,0.0,0.0,0.0,0.0,0,0,0.0,0.0,0.0,,,,,,
554431,Tyler Matzek,,34,0,0,0,0.0,0.0,0.0,0.0,0,0,0.0,0.0,0.0,,,,,,
675848,Juan Mejia,,24,0,0,0,0.0,0.0,0.0,0.0,0,0,0.0,0.0,0.0,,,,,,
571946,Shelby Miller,,34,0,0,0,0.0,0.0,0.0,0.0,0,0,0.0,0.0,0.0,,,,,,
571948,Hoby Milner,,34,0,0,0,0.0,0.0,0.0,0.0,0,0,0.0,0.0,0.0,,,,,,
666661,Juan Morillo,,26,0,0,0,0.0,0.0,0.0,0.0,0,0,0.0,0.0,0.0,,,,,,
672391,Kaleb Ort,,33,0,0,0,0.0,0.0,0.0,0.0,0,0,0.0,0.0,0.0,,,,,,
687074,Tyler Owens,,24,0,0,0,0.0,0.0,0.0,0.0,0,0,0.0,0.0,0.0,,,,,,
669467,Andre Pallante,,26,0,0,0,0.0,0.0,0.0,0.0,0,0,0.0,0.0,0.0,,,,,,
663455,Konnor Pilkington,,27,0,0,0,0.0,0.0,0.0,0.0,0,0,0.0,0.0,0.0,,,,,,
647315,Zach Pop,,28,0,0,0,0.0,0.0,0.0,0.0,0,0,0.0,0.0,0.0,,,,,,
676571,PJ Poulin,,28,0,0,0,0.0,0.0,0.0,0.0,0,0,0.0,0.0,0.0,,,,,,
640462,A.J. Puk,,30,0,0,0,0.0,0.0,0.0,0.0,0,0,0.0,0.0,0.0,,,,,,
672335,Cionel Pérez,,29,0,0,0,0.0,0.0,0.0,0.0,0,0,0.0,0.0,0.0,,,,,,
670950,Trevor Richards,,32,0,0,0,0.0,0.0,0.0,0.0,0,0,0.0,0.0,0.0,,,,,,
643511,Tyler Rogers,,34,0,0,0,0.0,0.0,0.0,0.0,0,0,0.0,0.0,0.0,,,,,,
671131,Jackson Rutledge,,26,0,0,0,0.0,0.0,0.0,0.0,0,0,0.0,0.0,0.0,,,,,,
685314,Andrew Saalfrank,,27,0,0,0,0.0,0.0,0.0,0.0,0,0,0.0,0.0,0.0,,,,,,
680704,Nick Sandlin,,28,0,0,0,0.0,0.0,0.0,0.0,0,0,0.0,0.0,0.0,,,,,,
670167,John Schreiber,,31,0,0,0,0.0,0.0,0.0,0.0,0,0,0.0,0.0,0.0,,,,,,
656945,Tanner Scott,,30,0,0,0,0.0,0.0,0.0,0.0,0,0,0.0,0.0,0.0,,,,,,
657756,Connor Seabold,,29,0,0,0,0.0,0.0,0.0,0.0,0,0,0.0,0.0,0.0,,,,,,
656986,Bennett Sousa,,30,0,0,0,0.0,0.0,0.0,0.0,0,0,0.0,0.0,0.0,,,,,,
592773,Ryne Stanek,,33,0,0,0,0.0,0.0,0.0,0.0,0,0,0.0,0.0,0.0,,,,,,
657044,Ryan Thompson,,33,0,0,0,0.0,0.0,0.0,0.0,0,0,0.0,0.0,0.0,,,,,,
663423,Trent Thornton,,31,0,0,0,0.0,0.0,0.0,0.0,0,0,0.0,0.0,0.0,,,,,,
680767,Victor Vodnik,,25,0,0,0,0.0,0.0,0.0,0.0,0,0,0.0,0.0,0.0,,,,,,
676254,Ryan Walker,,29,0,0,0,0.0,0.0,0.0,0.0,0,0,0.0,0.0,0.0,,,,,,
595453,Chad Wallach,,33,0,0,0,0.0,0.0,0.0,0.0,0,0,0.0,0.0,0.0,,,,,,
676477,Garrett Whitlock,,29,0,0,0,0.0,0.0,0.0,0.0,0,0,0.0,0.0,0.0,,,,,,
669060,Bryse Wilson,,27,0,0,0,0.0,0.0,0.0,0.0,0,0,0.0,0.0,0.0,,,,,,
